Player_Game_ID,Team,Game,Player_ID,#,Name,Pos,Time on ice,ZEX,CEX All,CEX Not Press,CEX Press,DEX,FEX,ZEN,CEN,DEN,FEN,DR,TOT,CEX,EXD,END,CORSI-,CORSI+
10.USA4,USA,10,USA4,4,Ava Svejkovsky,D,0.29,206.8965517,206.8965517,0,206.8965517,0,0,0,0,0,0,0,206.8965517,206.8965517,0,0,206.8965517,0
1.FIN14,FIN,1,FIN14,14,Kerttu Lehmus,F,1.131578947,159.0697674,106.0465116,53.02325581,53.02325581,0,53.02325581,53.02325581,0,0,53.02325581,0,212.0930233,106.0465116,0,53.02325581,106.0465116,0
11.FIN26,FIN,11,FIN26,26,Peppi Virtanen,F,1.945945946,277.5,61.66666667,61.66666667,0,61.66666667,154.1666667,123.3333333,30.83333333,61.66666667,30.83333333,0,431.6666667,61.66666667,30.83333333,30.83333333,30.83333333,61.66666667
4.FIN19,FIN,4,FIN19,19,Heidi Kokora,F,1.14,52.63157895,52.63157895,52.63157895,0,0,0,0,0,0,0,0,52.63157895,52.63157895,0,0,105.2631579,0
12.CAN9,CAN,12,CAN9,9,Mckenna Van,F,8.414634146,49.91304348,42.7826087,42.7826087,0,0,7.130434783,64.17391304,28.52173913,14.26086957,21.39130435,14.26086957,128.3478261,42.7826087,0,7.130434783,71.30434783,35.65217391
4.USA12,USA,4,USA12,12,Sydney Morrow,D,20.23,50.42016807,41.52249135,20.76124567,20.76124567,0,8.897676718,29.65892239,14.8294612,2.965892239,11.86356896,0,94.90855166,41.52249135,14.8294612,8.897676718,23.72713791,62.28373702
5.FIN26,FIN,5,FIN26,26,Peppi Virtanen,F,4.55,52.74725275,39.56043956,13.18681319,26.37362637,0,13.18681319,13.18681319,0,13.18681319,0,0,65.93406593,39.56043956,0,0,92.30769231,26.37362637
1.CAN27,CAN,1,CAN27,27,Holly Abela,F,6.657894737,36.04743083,36.04743083,27.03557312,9.011857708,0,0,18.02371542,9.011857708,9.011857708,0,27.03557312,90.11857708,36.04743083,9.011857708,9.011857708,18.02371542,81.10671937
6.USA12,USA,6,USA12,12,Sydney Morrow,D,15.25,43.27868852,35.40983607,7.868852459,27.54098361,3.93442623,3.93442623,19.67213115,0,7.868852459,11.80327869,0,86.55737705,35.40983607,23.60655738,31.47540984,51.14754098,43.27868852
1.FIN20,FIN,1,FIN20,20,Sofia Kari,F,1.697368421,35.34883721,35.34883721,35.34883721,0,0,0,106.0465116,0,35.34883721,70.69767442,0,141.3953488,35.34883721,0,35.34883721,106.0465116,0
3.CAN9,CAN,3,CAN9,9,Mckenna Van,F,11.93877551,40.20512821,35.17948718,15.07692308,20.1025641,0,5.025641026,20.1025641,10.05128205,10.05128205,0,10.05128205,75.38461538,35.17948718,5.025641026,5.025641026,70.35897436,60.30769231
4.FIN23,FIN,4,FIN23,23,Sanni Vanhanen,F,15.5,46.4516129,34.83870968,11.61290323,23.22580645,3.870967742,7.741935484,38.70967742,15.48387097,7.741935484,15.48387097,0,92.90322581,34.83870968,7.741935484,7.741935484,73.5483871,58.06451613
11.SWE6,SWE,11,SWE6,6,Tuva Kandell,D,10.37837838,40.46875,34.6875,11.5625,23.125,0,5.78125,23.125,0,17.34375,5.78125,0,98.28125,34.6875,34.6875,46.25,69.375,23.125
11.FIN7,FIN,11,FIN7,7,Sinna Varjonen,D,7.135135135,42.04545455,33.63636364,8.409090909,25.22727273,0,8.409090909,0,0,0,0,0,42.04545455,33.63636364,0,33.63636364,33.63636364,58.86363636
5.SWE28,SWE,5,SWE28,28,Moa Gustafsson,F,7.23,33.19502075,33.19502075,8.298755187,24.89626556,0,0,33.19502075,0,24.89626556,8.298755187,8.298755187,74.68879668,33.19502075,0,0,74.68879668,74.68879668
1.CAN25,CAN,1,CAN25,25,Alyssa Regalado,D,5.447368421,44.05797101,33.04347826,22.02898551,11.01449275,11.01449275,0,11.01449275,11.01449275,0,0,0,66.08695652,33.04347826,11.01449275,0,11.01449275,88.11594203
8.SWE23,SWE,8,SWE23,23,Isabelle Leijonhielm,F,5.55,64.86486486,32.43243243,10.81081081,21.62162162,32.43243243,0,32.43243243,0,21.62162162,10.81081081,32.43243243,129.7297297,32.43243243,0,0,75.67567568,75.67567568
1.FIN8,FIN,1,FIN8,8,Tuuli Tallinen,D,13.57894737,61.86046512,30.93023256,8.837209302,22.09302326,8.837209302,22.09302326,17.6744186,0,8.837209302,8.837209302,0,106.0465116,30.93023256,26.51162791,13.25581395,66.27906977,39.76744186
5.FIN22,FIN,5,FIN22,22,Julia Schalin,F,20.18,32.70564916,29.73240833,8.919722498,20.81268583,2.973240833,0,35.67888999,11.89296333,14.86620416,8.919722498,5.946481665,92.17046581,29.73240833,17.839445,8.919722498,41.62537166,86.22398414
6.CAN4,CAN,6,CAN4,4,Sara Swiderski,D,16.16,51.98019802,29.7029703,3.712871287,25.99009901,11.13861386,11.13861386,14.85148515,7.425742574,3.712871287,3.712871287,0,81.68316832,29.7029703,14.85148515,29.7029703,37.12871287,59.40594059
9.FIN23,FIN,9,FIN23,23,Sanni Vanhanen,F,18.18,39.6039604,29.7029703,6.600660066,23.10231023,0,9.900990099,46.20462046,23.10231023,16.50165017,6.600660066,6.600660066,99.00990099,29.7029703,6.600660066,3.300330033,33.00330033,56.10561056
2.SWE12,SWE,2,SWE12,12,Stina Andersson,F,4.144736842,57.9047619,28.95238095,14.47619048,14.47619048,0,28.95238095,57.9047619,14.47619048,0,43.42857143,0,115.8095238,28.95238095,0,28.95238095,86.85714286,14.47619048
2.SWE14,SWE,2,SWE14,14,Ella Jamsen,F,4.144736842,28.95238095,28.95238095,14.47619048,14.47619048,0,0,14.47619048,0,0,14.47619048,0,43.42857143,28.95238095,0,0,86.85714286,14.47619048
9.CAN28,CAN,9,CAN28,28,Piper Grober,D,4.17,57.55395683,28.77697842,14.38848921,14.38848921,28.77697842,0,0,0,0,0,0,86.33093525,28.77697842,28.77697842,14.38848921,57.55395683,115.1079137
11.FIN6,FIN,11,FIN6,6,Siiri Yrjola,D,16.86486486,42.69230769,28.46153846,10.67307692,17.78846154,7.115384615,7.115384615,10.67307692,0,7.115384615,3.557692308,0,60.48076923,28.46153846,7.115384615,42.69230769,49.80769231,42.69230769
6.USA17,USA,6,USA17,17,Kirsten Simms,F,8.52,35.21126761,28.16901408,28.16901408,0,0,7.042253521,49.29577465,21.12676056,21.12676056,7.042253521,7.042253521,98.5915493,28.16901408,7.042253521,0,42.25352113,49.29577465
3.SWE25,SWE,3,SWE25,25,Emma Pfeffer,F,8.724489796,82.52631579,27.50877193,20.63157895,6.877192982,20.63157895,34.38596491,34.38596491,6.877192982,13.75438596,13.75438596,6.877192982,130.6666667,27.50877193,6.877192982,0,123.7894737,6.877192982
7.CAN4,CAN,7,CAN4,4,Sara Swiderski,D,13.13,36.5575019,27.41812643,4.569687738,22.84843869,4.569687738,4.569687738,18.27875095,9.139375476,4.569687738,4.569687738,0,68.54531607,27.41812643,13.70906321,27.41812643,13.70906321,150.7996954
12.USA2,USA,12,USA2,2,Molly Jordan,D,4.487804878,40.10869565,26.73913043,26.73913043,0,13.36956522,0,26.73913043,0,26.73913043,0,0,66.84782609,26.73913043,0,53.47826087,66.84782609,40.10869565
10.SWE16,SWE,10,SWE16,16,Linnea Adelbertsson,F,11.55,31.16883117,25.97402597,10.38961039,15.58441558,0,5.194805195,25.97402597,15.58441558,5.194805195,5.194805195,0,57.14285714,25.97402597,0,10.38961039,135.0649351,20.77922078
1.FIN23,FIN,1,FIN23,23,Sanni Vanhanen,F,16.40789474,29.2542101,25.59743384,7.313552526,18.28388132,0,3.656776263,36.56776263,3.656776263,21.94065758,10.97032879,7.313552526,76.79230152,25.59743384,3.656776263,3.656776263,73.13552526,32.91098637
4.USA11,USA,4,USA11,11,Josie St. Martin,F,7.06,25.49575071,25.49575071,25.49575071,0,0,0,33.99433428,16.99716714,0,16.99716714,0,76.48725212,25.49575071,16.99716714,0,25.49575071,84.98583569
12.CAN26,CAN,12,CAN26,26,Karel Prefontaine,F,11.7804878,35.65217391,25.46583851,20.37267081,5.093167702,5.093167702,5.093167702,30.55900621,15.27950311,10.1863354,5.093167702,0,71.30434783,25.46583851,5.093167702,0,50.93167702,56.02484472
12.USA24,USA,12,USA24,24,Margaret Scannell,F,7.292682927,24.68227425,24.68227425,8.227424749,16.4548495,0,0,65.81939799,24.68227425,24.68227425,16.4548495,8.227424749,98.72909699,24.68227425,0,0,32.909699,74.04682274
11.FIN23,FIN,11,FIN23,23,Sanni Vanhanen,F,19.45945946,33.91666667,24.66666667,6.166666667,18.5,0,9.25,46.25,30.83333333,3.083333333,12.33333333,0,86.33333333,24.66666667,6.166666667,0,37,55.5
1.FIN3,FIN,1,FIN3,3,Adalmiina Makkonen,D,12.44736842,38.56236786,24.10147992,4.820295983,19.28118393,0,14.46088795,9.640591966,4.820295983,4.820295983,0,0,53.02325581,24.10147992,4.820295983,28.9217759,67.48414376,38.56236786
7.CAN8,CAN,7,CAN8,8,Brooke Disher,D,18.12,29.8013245,23.17880795,3.311258278,19.86754967,0,6.622516556,13.24503311,3.311258278,3.311258278,6.622516556,0,69.53642384,23.17880795,26.49006623,16.55629139,13.24503311,152.3178808
12.CAN23,CAN,12,CAN23,23,Alexia Aubin,F,7.853658537,30.55900621,22.91925466,15.27950311,7.639751553,0,7.639751553,22.91925466,0,22.91925466,0,0,53.47826087,22.91925466,0,7.639751553,68.75776398,38.19875776
9.CAN4,CAN,9,CAN4,4,Sara Swiderski,D,18.49,42.18496485,22.71498107,6.489994592,16.22498648,9.734991888,9.734991888,22.71498107,3.244997296,6.489994592,12.97998918,0,77.8799351,22.71498107,12.97998918,32.44997296,35.69497025,84.36992969
9.CAN26,CAN,9,CAN26,26,Karel Prefontaine,F,13.21,31.79409538,22.71006813,4.542013626,18.1680545,0,9.084027252,22.71006813,18.1680545,4.542013626,0,4.542013626,59.04617714,22.71006813,0,4.542013626,36.33610901,113.5503407
12.CAN14,CAN,12,CAN14,14,Emmalee Pais,F,10.65853659,28.14645309,22.51716247,5.629290618,16.88787185,5.629290618,0,56.29290618,28.14645309,16.88787185,11.25858124,5.629290618,95.6979405,22.51716247,5.629290618,0,78.81006865,28.14645309
3.CAN4,CAN,3,CAN4,4,Sara Swiderski,D,13.7755102,47.91111111,21.77777778,4.355555556,17.42222222,0,26.13333333,8.711111111,0,0,8.711111111,0,60.97777778,21.77777778,4.355555556,13.06666667,65.33333333,65.33333333
12.USA10,USA,12,USA10,10,Laila Edwards,F,14.02439024,29.94782609,21.39130435,12.83478261,8.556521739,4.27826087,4.27826087,51.33913043,34.22608696,8.556521739,8.556521739,0,89.84347826,21.39130435,8.556521739,0,29.94782609,77.00869565
10.SWE11,SWE,10,SWE11,11,Julia Perjus,F,14.28,29.41176471,21.00840336,4.201680672,16.80672269,0,8.403361345,25.21008403,21.00840336,4.201680672,0,0,54.62184874,21.00840336,0,8.403361345,92.43697479,25.21008403
3.SWE23,SWE,3,SWE23,23,Isabelle Leijonhielm,F,11.47959184,20.90666667,20.90666667,10.45333333,10.45333333,0,0,26.13333333,20.90666667,0,5.226666667,5.226666667,57.49333333,20.90666667,5.226666667,5.226666667,67.94666667,62.72
8.SWE8,SWE,8,SWE8,8,Jenna Raunio,D,14.53,24.77632485,20.64693737,0,20.64693737,0,4.129387474,0,0,0,0,0,28.90571232,20.64693737,4.129387474,41.29387474,45.42326222,53.68203716
3.SWE24,SWE,3,SWE24,24,Ebba Hedqvist,F,8.724489796,41.26315789,20.63157895,6.877192982,13.75438596,13.75438596,6.877192982,20.63157895,0,0,20.63157895,13.75438596,89.40350877,20.63157895,13.75438596,0,123.7894737,6.877192982
3.CAN14,CAN,3,CAN14,14,Emmalee Pais,F,8.724489796,20.63157895,20.63157895,6.877192982,13.75438596,0,0,48.14035088,34.38596491,6.877192982,6.877192982,6.877192982,89.40350877,20.63157895,13.75438596,0,20.63157895,110.0350877
12.CAN22,CAN,12,CAN22,22,Jocelyn Amos,F,11.7804878,25.46583851,20.37267081,10.1863354,10.1863354,5.093167702,0,45.83850932,20.37267081,15.27950311,10.1863354,5.093167702,81.49068323,20.37267081,5.093167702,5.093167702,50.93167702,56.02484472
2.SWE15,SWE,2,SWE15,15,Astrid Lindeberg,D,8.881578947,47.28888889,20.26666667,6.755555556,13.51111111,6.755555556,20.26666667,13.51111111,0,6.755555556,6.755555556,0,87.82222222,20.26666667,27.02222222,60.8,67.55555556,33.77777778
9.FIN10,FIN,9,FIN10,10,Kaisa Antti,F,15.1,35.7615894,19.86754967,11.9205298,7.947019868,7.947019868,7.947019868,35.7615894,15.89403974,11.9205298,7.947019868,0,75.49668874,19.86754967,3.973509934,0,75.49668874,31.78807947
1.CAN19,CAN,1,CAN19,19,Reichen Kirchmair,F,9.078947368,39.65217391,19.82608696,6.608695652,13.2173913,6.608695652,13.2173913,39.65217391,13.2173913,19.82608696,6.608695652,19.82608696,105.7391304,19.82608696,6.608695652,0,52.86956522,46.26086957
4.FIN12,FIN,4,FIN12,12,Ada Eronen,D,18.17,33.02146395,19.81287837,9.906439185,9.906439185,0,13.20858558,6.60429279,0,0,6.60429279,0,42.92790314,19.81287837,3.302146395,19.81287837,79.25151348,16.51073198
5.SWE27,SWE,5,SWE27,27,Sofia Ljung,D,15.15,35.64356436,19.8019802,15.84158416,3.96039604,3.96039604,11.88118812,23.76237624,0,15.84158416,7.920792079,3.96039604,67.32673267,19.8019802,3.96039604,15.84158416,67.32673267,27.72277228
10.SWE3,SWE,10,SWE3,3,Mira Jungaker,D,15.16,47.49340369,19.78891821,15.83113456,3.957783641,3.957783641,23.74670185,7.915567282,3.957783641,0,3.957783641,0,63.32453826,19.78891821,7.915567282,31.66226913,83.11345646,39.57783641
8.SWE3,SWE,8,SWE3,3,Mira Jungaker,D,15.16,27.70448549,19.78891821,3.957783641,15.83113456,0,7.915567282,15.83113456,3.957783641,3.957783641,7.915567282,0,63.32453826,19.78891821,19.78891821,3.957783641,39.57783641,55.40897098
3.SWE5,SWE,3,SWE5,5,Alice Wallin,D,9.183673469,32.66666667,19.6,6.533333333,13.06666667,13.06666667,0,6.533333333,0,6.533333333,0,0,45.73333333,19.6,6.533333333,52.26666667,78.4,52.26666667
7.CAN7,CAN,7,CAN7,7,Sarah Maceachern,D,12.39,19.37046005,19.37046005,14.52784504,4.842615012,0,0,9.685230024,0,0,9.685230024,0,38.7409201,19.37046005,9.685230024,19.37046005,14.52784504,159.8062954
10.SWE7,SWE,10,SWE7,7,Ida Karlsson,D,12.46,19.26163724,19.26163724,14.44622793,4.81540931,0,0,33.70786517,4.81540931,14.44622793,14.44622793,0,81.86195827,19.26163724,28.89245586,28.89245586,67.41573034,48.1540931
1.FIN28,FIN,1,FIN28,28,Pauliina Salonen,F,15.84210526,22.72425249,18.93687708,7.574750831,11.36212625,0,3.787375415,37.87375415,18.93687708,7.574750831,11.36212625,3.787375415,75.74750831,18.93687708,11.36212625,3.787375415,71.96013289,34.08637874
1.CAN4,CAN,1,CAN4,4,Sara Swiderski,D,12.71052632,42.48447205,18.88198758,4.720496894,14.16149068,4.720496894,18.88198758,14.16149068,4.720496894,4.720496894,4.720496894,0,66.08695652,18.88198758,9.440993789,23.60248447,33.04347826,66.08695652
7.CAN28,CAN,7,CAN28,28,Piper Grober,D,16.02,22.47191011,18.72659176,7.490636704,11.23595506,0,3.745318352,11.23595506,7.490636704,3.745318352,0,0,41.19850187,18.72659176,7.490636704,3.745318352,26.21722846,131.0861423
10.SWE8,SWE,10,SWE8,8,Jenna Raunio,D,16.04,44.88778055,18.7032419,14.96259352,3.740648379,3.740648379,22.44389027,11.22194514,3.740648379,7.481296758,0,0,63.59102244,18.7032419,7.481296758,37.40648379,100.9975062,14.96259352
3.SWE8,SWE,3,SWE8,8,Jenna Raunio,D,19.28571429,43.55555556,18.66666667,6.222222222,12.44444444,6.222222222,18.66666667,12.44444444,0,3.111111111,9.333333333,0,65.33333333,18.66666667,9.333333333,9.333333333,77.77777778,52.88888889
9.FIN28,FIN,9,FIN28,28,Pauliina Salonen,F,19.29,27.99377916,18.66251944,6.220839813,12.44167963,3.110419907,6.220839813,3.110419907,0,0,3.110419907,0,31.10419907,18.66251944,0,3.110419907,34.21461897,43.54587869
10.SWE28,SWE,10,SWE28,28,Moa Gustafsson,F,6.46,27.86377709,18.57585139,18.57585139,0,0,9.287925697,9.287925697,0,9.287925697,0,0,37.15170279,18.57585139,0,0,139.3188854,18.57585139
10.USA12,USA,10,USA12,12,Sydney Morrow,D,19.41,24.72952087,18.54714065,12.36476043,6.182380216,6.182380216,0,21.63833076,9.273570325,6.182380216,6.182380216,0,68.00618238,18.54714065,21.63833076,24.72952087,27.82071097,120.5564142
4.USA5,USA,4,USA5,5,Laney Potter,D,16.27,33.1899201,18.4388445,7.3755378,11.0633067,7.3755378,7.3755378,25.8143823,7.3755378,14.7510756,3.6877689,0,70.0676091,18.4388445,11.0633067,25.8143823,40.5654579,92.1942225
11.SWE3,SWE,11,SWE3,3,Mira Jungaker,D,20.10810811,29.83870968,17.90322581,5.967741935,11.93548387,5.967741935,5.967741935,38.79032258,20.88709677,17.90322581,0,2.983870968,80.56451613,17.90322581,8.951612903,23.87096774,41.77419355,50.72580645
6.USA6,USA,6,USA6,6,Emma Peschel,D,13.44,17.85714286,17.85714286,4.464285714,13.39285714,0,0,8.928571429,4.464285714,0,4.464285714,0,53.57142857,17.85714286,26.78571429,26.78571429,62.5,44.64285714
12.USA6,USA,12,USA6,6,Emma Peschel,D,10.09756098,47.53623188,17.82608696,17.82608696,0,0,29.71014493,11.88405797,0,5.942028986,5.942028986,0,77.24637681,17.82608696,17.82608696,71.30434783,71.30434783,35.65217391
6.USA25,USA,6,USA25,25,Finley Mccarthy,F,10.28,29.18287938,17.50972763,0,17.50972763,0,11.67315175,35.01945525,11.67315175,11.67315175,11.67315175,11.67315175,81.71206226,17.50972763,5.836575875,5.836575875,70.03891051,58.36575875
4.USA17,USA,4,USA17,17,Kirsten Simms,F,17.17,17.47233547,17.47233547,10.48340128,6.988934188,0,0,34.94467094,24.46126966,3.494467094,6.988934188,3.494467094,62.90040769,17.47233547,6.988934188,0,31.45020384,73.38380897
12.CAN4,CAN,12,CAN4,4,Sara Swiderski,D,14.02439024,25.66956522,17.11304348,4.27826087,12.83478261,8.556521739,0,25.66956522,0,4.27826087,21.39130435,0,72.73043478,17.11304348,21.39130435,17.11304348,51.33913043,55.6173913
10.SWE15,SWE,10,SWE15,15,Astrid Lindeberg,D,14.08,38.35227273,17.04545455,8.522727273,8.522727273,8.522727273,12.78409091,0,0,0,0,0,38.35227273,17.04545455,0,25.56818182,136.3636364,12.78409091
10.USA10,USA,10,USA10,10,Laila Edwards,F,14.17,21.17148906,16.93719125,8.468595625,8.468595625,4.234297812,0,50.81157375,38.10868031,4.234297812,8.468595625,0,80.45165843,16.93719125,8.468595625,4.234297812,29.64008469,88.92025406
2.SWE7,SWE,2,SWE7,7,Ida Karlsson,D,17.76315789,40.53333333,16.88888889,3.377777778,13.51111111,3.377777778,20.26666667,3.377777778,3.377777778,0,0,0,54.04444444,16.88888889,10.13333333,23.64444444,64.17777778,37.15555556
12.USA16,USA,12,USA16,16,Grace Dwyer,D,21.31707317,22.51716247,16.88787185,2.814645309,14.07322654,5.629290618,0,8.443935927,2.814645309,2.814645309,2.814645309,0,39.40503432,16.88787185,8.443935927,30.9610984,33.77574371,73.18077803
11.FIN9,FIN,11,FIN9,9,Raili Mustonen,D,7.135135135,16.81818182,16.81818182,8.409090909,8.409090909,0,0,8.409090909,0,0,8.409090909,0,50.45454545,16.81818182,25.22727273,25.22727273,42.04545455,50.45454545
1.FIN22,FIN,1,FIN22,22,Julia Schalin,F,18.10526316,29.8255814,16.56976744,3.313953488,13.25581395,3.313953488,9.941860465,29.8255814,19.88372093,0,9.941860465,0,66.27906977,16.56976744,6.627906977,0,69.59302326,36.45348837
1.CAN22,CAN,1,CAN22,22,Jocelyn Amos,F,14.52631579,28.91304348,16.52173913,4.130434783,12.39130435,8.260869565,4.130434783,24.7826087,12.39130435,8.260869565,4.130434783,4.130434783,66.08695652,16.52173913,8.260869565,0,24.7826087,74.34782609
3.CAN8,CAN,3,CAN8,8,Brooke Disher,D,14.69387755,20.41666667,16.33333333,16.33333333,0,0,4.083333333,16.33333333,0,0,16.33333333,0,53.08333333,16.33333333,16.33333333,28.58333333,61.25,69.41666667
6.CAN26,CAN,6,CAN26,26,Karel Prefontaine,F,11.05,21.71945701,16.28959276,5.429864253,10.85972851,5.429864253,0,32.57918552,16.28959276,10.85972851,5.429864253,5.429864253,65.15837104,16.28959276,5.429864253,5.429864253,32.57918552,76.01809955
12.CAN24,CAN,12,CAN24,24,Madison Chantler,F,11.2195122,16.04347826,16.04347826,10.69565217,5.347826087,0,0,26.73913043,5.347826087,10.69565217,10.69565217,5.347826087,58.82608696,16.04347826,10.69565217,0,48.13043478,58.82608696
10.USA7,USA,10,USA7,7,Ava Lindsay,F,7.5,24,16,8,8,8,0,8,8,0,0,16,48,16,0,8,16,120
9.FIN26,FIN,9,FIN26,26,Peppi Virtanen,F,7.55,39.73509934,15.89403974,7.947019868,7.947019868,7.947019868,15.89403974,31.78807947,7.947019868,7.947019868,15.89403974,0,79.47019868,15.89403974,7.947019868,0,158.9403974,15.89403974
10.USA2,USA,10,USA2,2,Molly Jordan,D,11.4,21.05263158,15.78947368,0,15.78947368,5.263157895,0,10.52631579,5.263157895,5.263157895,0,0,47.36842105,15.78947368,15.78947368,10.52631579,15.78947368,84.21052632
6.CAN15,CAN,6,CAN15,15,Ava Murphy,D,11.41,36.80981595,15.77563541,5.258545136,10.51709027,5.258545136,15.77563541,31.55127082,0,10.51709027,21.03418054,0,99.91235758,15.77563541,31.55127082,36.80981595,52.58545136,78.87817704
8.SWE10,SWE,8,SWE10,10,Nicole Hall,F,15.3,15.68627451,15.68627451,3.921568627,11.76470588,0,0,43.1372549,15.68627451,15.68627451,11.76470588,3.921568627,66.66666667,15.68627451,3.921568627,0,43.1372549,66.66666667
2.USA9,USA,2,USA9,9,Kelly Gorbatenko,F,7.697368421,31.17948718,15.58974359,0,15.58974359,7.794871795,7.794871795,62.35897436,23.38461538,7.794871795,31.17948718,0,93.53846154,15.58974359,0,0,15.58974359,85.74358974
2.USA21,USA,2,USA21,21,Cassandra Hall,F,7.697368421,31.17948718,15.58974359,0,15.58974359,0,15.58974359,31.17948718,15.58974359,0,15.58974359,0,77.94871795,15.58974359,15.58974359,0,15.58974359,85.74358974
9.CAN23,CAN,9,CAN23,23,Alexia Aubin,F,11.59,15.53062985,15.53062985,0,15.53062985,0,0,31.06125971,10.35375324,15.53062985,5.176876618,15.53062985,67.29939603,15.53062985,5.176876618,5.176876618,25.88438309,62.12251941
5.FIN6,FIN,5,FIN6,6,Siiri Yrjola,D,19.58,21.45045965,15.32175689,6.128702758,9.193054137,0,6.128702758,18.38610827,3.064351379,6.128702758,9.193054137,0,58.2226762,15.32175689,18.38610827,18.38610827,45.96527068,85.80183861
12.USA4,USA,12,USA4,4,Ava Svejkovsky,D,3.926829268,15.27950311,15.27950311,15.27950311,0,0,0,0,0,0,0,0,15.27950311,15.27950311,0,45.83850932,61.11801242,45.83850932
2.SWE24,SWE,2,SWE24,24,Ebba Hedqvist,F,11.84210526,15.2,15.2,10.13333333,5.066666667,0,0,20.26666667,10.13333333,10.13333333,0,0,40.53333333,15.2,5.066666667,0,76,25.33333333
2.USA24,USA,2,USA24,24,Margaret Scannell,F,11.84210526,15.2,15.2,5.066666667,10.13333333,0,0,55.73333333,25.33333333,25.33333333,5.066666667,10.13333333,86.13333333,15.2,5.066666667,0,40.53333333,60.8
9.FIN22,FIN,9,FIN22,22,Julia Schalin,F,16.07,37.33665215,14.93466086,3.733665215,11.20099564,11.20099564,11.20099564,33.60298693,14.93466086,7.467330429,11.20099564,7.467330429,82.14063472,14.93466086,3.733665215,7.467330429,78.40696951,33.60298693
6.CAN22,CAN,6,CAN22,22,Jocelyn Amos,F,12.06,24.87562189,14.92537313,4.975124378,9.950248756,0,9.950248756,34.82587065,14.92537313,9.950248756,9.950248756,4.975124378,74.62686567,14.92537313,9.950248756,0,34.82587065,74.62686567
9.FIN3,FIN,9,FIN3,3,Adalmiina Makkonen,D,16.23,29.57486137,14.78743068,11.09057301,3.696857671,11.09057301,3.696857671,22.18114603,3.696857671,14.78743068,3.696857671,0,81.33086876,14.78743068,29.57486137,25.8780037,70.24029575,48.05914972
4.USA18,USA,4,USA18,18,Claire Enright,F,8.12,22.16748768,14.77832512,7.389162562,7.389162562,7.389162562,0,22.16748768,14.77832512,7.389162562,0,7.389162562,51.72413793,14.77832512,0,0,22.16748768,44.33497537
5.SWE8,SWE,5,SWE8,8,Jenna Raunio,D,16.44,25.54744526,14.59854015,10.94890511,3.649635036,0,10.94890511,18.24817518,0,7.299270073,10.94890511,0,65.69343066,14.59854015,21.89781022,29.19708029,69.34306569,36.49635036
12.USA18,USA,12,USA18,18,Claire Enright,F,12.34146341,24.3083004,14.58498024,14.58498024,0,4.861660079,4.861660079,24.3083004,9.723320158,4.861660079,9.723320158,4.861660079,58.33992095,14.58498024,4.861660079,4.861660079,53.47826087,53.47826087
5.SWE10,SWE,5,SWE10,10,Nicole Hall,F,16.5,18.18181818,14.54545455,10.90909091,3.636363636,0,3.636363636,40,25.45454545,7.272727273,7.272727273,3.636363636,72.72727273,14.54545455,10.90909091,7.272727273,43.63636364,76.36363636
3.CAN7,CAN,3,CAN7,7,Sarah Maceachern,D,12.39795918,14.51851852,14.51851852,9.679012346,4.839506173,0,0,0,0,0,0,0,19.35802469,14.51851852,4.839506173,43.55555556,72.59259259,58.07407407
3.SWE12,SWE,3,SWE12,12,Stina Andersson,F,8.265306122,29.03703704,14.51851852,7.259259259,7.259259259,14.51851852,0,21.77777778,7.259259259,0,14.51851852,0,65.33333333,14.51851852,14.51851852,0,101.6296296,29.03703704
12.USA12,USA,12,USA12,12,Sydney Morrow,D,20.75609756,26.01645123,14.45358402,2.890716804,11.56286722,5.781433608,5.781433608,20.23501763,11.56286722,0,8.672150411,0,63.59576968,14.45358402,17.34430082,26.01645123,28.90716804,78.0493537
1.CAN15,CAN,1,CAN15,15,Ava Murphy,D,12.71052632,33.04347826,14.16149068,4.720496894,9.440993789,4.720496894,14.16149068,9.440993789,4.720496894,0,4.720496894,0,51.92546584,14.16149068,9.440993789,23.60248447,42.48447205,56.64596273
1.FIN18,FIN,1,FIN18,18,Tilli Keranen,F,16.97368421,24.74418605,14.13953488,3.534883721,10.60465116,3.534883721,7.069767442,28.27906977,10.60465116,10.60465116,7.069767442,0,53.02325581,14.13953488,0,3.534883721,74.23255814,31.81395349
5.SWE4,SWE,5,SWE4,4,Olivia Sohrner,D,4.26,56.33802817,14.08450704,0,14.08450704,14.08450704,28.16901408,28.16901408,0,28.16901408,0,0,84.50704225,14.08450704,0,56.33802817,70.42253521,28.16901408
3.CAN22,CAN,3,CAN22,22,Jocelyn Amos,F,12.85714286,18.66666667,14,4.666666667,9.333333333,0,4.666666667,32.66666667,14,4.666666667,14,0,51.33333333,14,0,0,42,88.66666667
7.CAN6,CAN,7,CAN6,6,Tova Henderson,D,17.17,17.47233547,13.97786838,6.988934188,6.988934188,0,3.494467094,6.988934188,0,0,6.988934188,0,41.93360513,13.97786838,17.47233547,0,13.97786838,146.7676179
8.SWE9,SWE,8,SWE9,9,Mira Markstrom,F,17.2,31.39534884,13.95348837,0,13.95348837,10.46511628,6.976744186,34.88372093,13.95348837,10.46511628,10.46511628,10.46511628,80.23255814,13.95348837,3.488372093,6.976744186,34.88372093,59.30232558
9.CAN6,CAN,9,CAN6,6,Tova Henderson,D,17.28,17.36111111,13.88888889,6.944444444,6.944444444,0,3.472222222,6.944444444,0,6.944444444,0,0,41.66666667,13.88888889,17.36111111,20.83333333,17.36111111,100.6944444
11.SWE11,SWE,11,SWE11,11,Julia Perjus,F,17.51351351,17.12962963,13.7037037,3.425925926,10.27777778,0,3.425925926,10.27777778,6.851851852,3.425925926,0,0,30.83333333,13.7037037,3.425925926,3.425925926,30.83333333,61.66666667
9.CAN25,CAN,9,CAN25,25,Alyssa Regalado,D,13.34,17.9910045,13.49325337,4.497751124,8.995502249,0,4.497751124,13.49325337,0,13.49325337,0,0,40.47976012,13.49325337,8.995502249,17.9910045,22.48875562,103.4482759
12.USA17,USA,12,USA17,17,Kirsten Simms,F,13.46341463,17.82608696,13.36956522,4.456521739,8.913043478,0,4.456521739,22.2826087,22.2826087,0,0,0,40.10869565,13.36956522,0,0,31.19565217,75.76086957
12.USA11,USA,12,USA11,11,Josie St. Martin,F,8.975609756,13.36956522,13.36956522,0,13.36956522,0,0,26.73913043,26.73913043,0,0,6.684782609,46.79347826,13.36956522,0,0,53.47826087,53.47826087
12.CAN5,CAN,12,CAN5,5,Rhea Hicks,F,4.487804878,13.36956522,13.36956522,0,13.36956522,0,0,26.73913043,26.73913043,0,0,0,40.10869565,13.36956522,0,0,26.73913043,80.2173913
5.FIN5,FIN,5,FIN5,5,Nella Berg,D,13.53,26.6075388,13.3037694,4.4345898,8.869179601,0,13.3037694,4.4345898,4.4345898,0,0,0,44.345898,13.3037694,13.3037694,53.21507761,62.08425721,39.9113082
5.FIN3,FIN,5,FIN3,3,Adalmiina Makkonen,D,18.07,29.88378528,13.28168235,9.96126176,3.320420587,6.640841173,9.96126176,6.640841173,3.320420587,3.320420587,0,0,49.8063088,13.28168235,13.28168235,19.92252352,29.88378528,69.72883232
9.FIN12,FIN,9,FIN12,12,Ada Eronen,D,18.18,29.7029703,13.20132013,0,13.20132013,0,16.50165017,13.20132013,9.900990099,3.300330033,0,0,46.20462046,13.20132013,3.300330033,16.50165017,75.90759076,16.50165017
4.FIN21,FIN,4,FIN21,21,Neea Pelkonen,F,9.14,19.69365427,13.12910284,6.564551422,6.564551422,0,6.564551422,26.25820569,0,26.25820569,0,13.12910284,59.0809628,13.12910284,0,0,105.0328228,19.69365427
12.CAN15,CAN,12,CAN15,15,Ava Murphy,D,14.02439024,29.94782609,12.83478261,0,12.83478261,4.27826087,12.83478261,17.11304348,4.27826087,12.83478261,0,0,68.45217391,12.83478261,21.39130435,42.7826087,51.33913043,55.6173913
6.CAN9,CAN,6,CAN9,9,Mckenna Van,F,9.36,19.23076923,12.82051282,6.41025641,6.41025641,0,6.41025641,64.1025641,32.05128205,12.82051282,19.23076923,6.41025641,89.74358974,12.82051282,0,0,38.46153846,57.69230769
10.USA22,USA,10,USA22,22,Tessa Janecke,F,14.21,12.66713582,12.66713582,0,12.66713582,0,0,16.88951443,12.66713582,0,4.222378607,0,33.77902885,12.66713582,4.222378607,0,29.55665025,84.44757213
2.SWE9,SWE,2,SWE9,9,Mira Markstrom,F,14.21052632,21.11111111,12.66666667,0,12.66666667,4.222222222,4.222222222,29.55555556,4.222222222,8.444444444,16.88888889,4.222222222,63.33333333,12.66666667,8.444444444,8.444444444,67.55555556,33.77777778
2.USA16,USA,2,USA16,16,Grace Dwyer,D,14.21052632,21.11111111,12.66666667,4.222222222,8.444444444,0,8.444444444,4.222222222,0,4.222222222,0,0,33.77777778,12.66666667,8.444444444,25.33333333,25.33333333,76
10.USA5,USA,10,USA5,5,Laney Potter,D,14.45,24.91349481,12.4567474,0,12.4567474,4.152249135,8.30449827,16.60899654,8.30449827,4.152249135,4.152249135,0,49.82698962,12.4567474,8.30449827,29.06574394,45.67474048,137.0242215
4.USA9,USA,4,USA9,9,Kelly Gorbatenko,F,14.45,20.76124567,12.4567474,12.4567474,0,0,8.30449827,66.43598616,41.52249135,4.152249135,20.76124567,4.152249135,99.65397924,12.4567474,8.30449827,4.152249135,8.30449827,70.58823529
12.CAN25,CAN,12,CAN25,25,Alyssa Regalado,D,14.58536585,28.79598662,12.34113712,8.227424749,4.113712375,4.113712375,12.34113712,24.68227425,4.113712375,20.56856187,0,0,69.93311037,12.34113712,16.4548495,32.909699,61.70568562,45.25083612
4.FIN10,FIN,4,FIN10,10,Kaisa Antti,F,19.54,24.56499488,12.28249744,3.07062436,9.211873081,9.211873081,3.07062436,27.63561924,12.28249744,9.211873081,6.141248721,0,64.48311157,12.28249744,12.28249744,9.211873081,67.55373593,12.28249744
7.CAN24,CAN,7,CAN24,24,Madison Chantler,F,10,18,12,6,6,0,6,24,18,6,0,6,48,12,0,0,12,174
11.FIN28,FIN,11,FIN28,28,Pauliina Salonen,F,20.10810811,20.88709677,11.93548387,5.967741935,5.967741935,0,8.951612903,17.90322581,8.951612903,2.983870968,5.967741935,0,50.72580645,11.93548387,11.93548387,2.983870968,35.80645161,56.69354839
4.USA13,USA,4,USA13,13,Danielle Burgen,F,10.07,17.87487587,11.91658391,5.958291956,5.958291956,5.958291956,0,29.79145978,5.958291956,11.91658391,11.91658391,5.958291956,59.58291956,11.91658391,5.958291956,5.958291956,17.87487587,47.66633565
12.USA3,USA,12,USA3,3,Jenessa Gazdik,D,15.14634146,23.76811594,11.88405797,7.922705314,3.961352657,0,11.88405797,15.84541063,0,15.84541063,0,3.961352657,79.22705314,11.88405797,35.65217391,51.49758454,55.4589372,51.49758454
10.USA9,USA,10,USA9,9,Kelly Gorbatenko,F,10.15,23.6453202,11.8226601,5.911330049,5.911330049,5.911330049,5.911330049,23.6453202,17.73399015,0,5.911330049,0,53.20197044,11.8226601,5.911330049,0,35.4679803,124.137931
4.USA6,USA,4,USA6,6,Emma Peschel,D,15.29,11.77240026,11.77240026,7.848266841,3.924133421,0,0,15.69653368,7.848266841,3.924133421,3.924133421,0,35.31720078,11.77240026,7.848266841,19.6206671,15.69653368,90.25506867
4.USA21,USA,4,USA21,21,Cassandra Hall,F,15.31,11.75702155,11.75702155,3.919007185,7.83801437,0,0,27.43305029,7.83801437,11.75702155,7.83801437,3.919007185,50.9470934,11.75702155,7.83801437,7.83801437,11.75702155,90.13716525
4.USA7,USA,4,USA7,7,Ava Lindsay,F,10.23,17.59530792,11.73020528,5.865102639,5.865102639,5.865102639,0,23.46041056,5.865102639,11.73020528,5.865102639,0,52.78592375,11.73020528,11.73020528,5.865102639,11.73020528,52.78592375
2.USA12,USA,2,USA12,12,Sydney Morrow,D,15.39473684,23.38461538,11.69230769,0,11.69230769,3.897435897,7.794871795,19.48717949,15.58974359,3.897435897,0,0,58.46153846,11.69230769,15.58974359,7.794871795,23.38461538,77.94871795
4.FIN27,FIN,4,FIN27,27,Maaria Vihervuori,F,10.29,23.32361516,11.66180758,5.83090379,5.83090379,11.66180758,0,17.49271137,5.83090379,5.83090379,5.83090379,5.83090379,58.3090379,11.66180758,11.66180758,5.83090379,110.787172,17.49271137
11.FIN16,FIN,11,FIN16,16,Jenniina Kuoppala,F,5.189189189,57.8125,11.5625,11.5625,0,46.25,0,80.9375,0,46.25,34.6875,11.5625,150.3125,11.5625,0,11.5625,69.375,23.125
11.FIN27,FIN,11,FIN27,27,Maaria Vihervuori,F,5.189189189,34.6875,11.5625,0,11.5625,0,23.125,69.375,11.5625,34.6875,23.125,0,115.625,11.5625,11.5625,0,69.375,23.125
10.SWE19,SWE,10,SWE19,19,Klara Kenttala,F,10.42,28.79078695,11.51631478,5.75815739,5.75815739,5.75815739,11.51631478,5.75815739,5.75815739,0,0,0,34.54894434,11.51631478,0,17.27447217,120.9213052,34.54894434
3.CAN23,CAN,3,CAN23,23,Alexia Aubin,F,10.56122449,28.4057971,11.36231884,0,11.36231884,5.68115942,11.36231884,34.08695652,28.4057971,5.68115942,0,0,62.49275362,11.36231884,0,0,51.13043478,79.53623188
1.CAN8,CAN,1,CAN8,8,Brooke Disher,D,21.18421053,31.1552795,11.32919255,5.664596273,5.664596273,8.49689441,11.32919255,5.664596273,0,5.664596273,0,0,48.14906832,11.32919255,11.32919255,16.99378882,22.65838509,76.47204969
5.FIN10,FIN,5,FIN10,10,Kaisa Antti,F,21.33,28.12939522,11.25175809,2.812939522,8.438818565,5.625879044,11.25175809,42.19409283,14.06469761,11.25175809,16.87763713,2.812939522,78.76230661,11.25175809,5.625879044,8.438818565,47.81997187,87.20112518
12.USA5,USA,12,USA5,5,Laney Potter,D,16.26829268,29.50524738,11.06446777,7.376311844,3.688155922,3.688155922,14.75262369,18.44077961,7.376311844,7.376311844,3.688155922,0,70.07496252,11.06446777,22.12893553,18.44077961,55.32233883,51.63418291
4.USA2,USA,4,USA2,2,Molly Jordan,D,11.02,27.22323049,10.8892922,5.444646098,5.444646098,5.444646098,10.8892922,10.8892922,0,5.444646098,5.444646098,0,49.00181488,10.8892922,10.8892922,27.22323049,49.00181488,54.44646098
11.FIN10,FIN,11,FIN10,10,Kaisa Antti,F,22.05405405,13.60294118,10.88235294,2.720588235,8.161764706,0,2.720588235,24.48529412,10.88235294,5.441176471,8.161764706,8.161764706,46.25,10.88235294,0,5.441176471,43.52941176,48.97058824
8.SWE7,SWE,8,SWE7,7,Ida Karlsson,D,16.59,39.78300181,10.84990958,7.233273056,3.616636528,7.233273056,21.69981917,14.46654611,3.616636528,7.233273056,3.616636528,0,57.86618445,10.84990958,3.616636528,47.01627486,36.16636528,54.24954792
6.CAN21,CAN,6,CAN21,21,Jordan Baxter,F,11.07,32.5203252,10.8401084,5.420054201,5.420054201,10.8401084,10.8401084,16.2601626,10.8401084,0,5.420054201,5.420054201,54.20054201,10.8401084,0,0,70.46070461,54.20054201
10.SWE29,SWE,10,SWE29,29,Stella Lindell,F,11.11,32.40324032,10.80108011,5.400540054,5.400540054,10.80108011,10.80108011,10.80108011,5.400540054,5.400540054,0,5.400540054,48.60486049,10.80108011,0,5.400540054,86.40864086,64.80648065
12.CAN16,CAN,12,CAN16,16,Alex Law,F,11.2195122,10.69565217,10.69565217,5.347826087,5.347826087,0,0,21.39130435,10.69565217,10.69565217,0,21.39130435,58.82608696,10.69565217,5.347826087,10.69565217,74.86956522,32.08695652
1.CAN16,CAN,1,CAN16,16,Alex Law,F,16.94736842,17.70186335,10.62111801,7.080745342,3.540372671,3.540372671,3.540372671,28.32298137,17.70186335,0,10.62111801,3.540372671,63.72670807,10.62111801,14.16149068,3.540372671,28.32298137,70.80745342
7.CAN25,CAN,7,CAN25,25,Alyssa Regalado,D,11.34,15.87301587,10.58201058,5.291005291,5.291005291,0,5.291005291,0,0,0,0,0,21.16402116,10.58201058,5.291005291,26.45502646,10.58201058,95.23809524
11.FIN15,FIN,11,FIN15,15,Oona Havana,F,22.7027027,21.14285714,10.57142857,2.642857143,7.928571429,2.642857143,7.928571429,18.5,10.57142857,2.642857143,5.285714286,2.642857143,47.57142857,10.57142857,5.285714286,2.642857143,42.28571429,50.21428571
5.FIN23,FIN,5,FIN23,23,Sanni Vanhanen,F,17.04,17.6056338,10.56338028,3.521126761,7.042253521,3.521126761,3.521126761,28.16901408,10.56338028,10.56338028,7.042253521,7.042253521,59.85915493,10.56338028,7.042253521,3.521126761,38.73239437,88.02816901
6.CAN27,CAN,6,CAN27,27,Holly Abela,F,11.37,31.66226913,10.55408971,5.277044855,5.277044855,5.277044855,15.83113456,5.277044855,5.277044855,0,0,5.277044855,42.21635884,10.55408971,0,0,42.21635884,42.21635884
11.FIN3,FIN,11,FIN3,3,Adalmiina Makkonen,D,17.51351351,13.7037037,10.27777778,0,10.27777778,0,3.425925926,17.12962963,3.425925926,3.425925926,10.27777778,0,51.38888889,10.27777778,20.55555556,23.98148148,44.53703704,47.96296296
11.SWE28,SWE,11,SWE28,28,Moa Gustafsson,F,5.837837838,20.55555556,10.27777778,0,10.27777778,10.27777778,0,10.27777778,10.27777778,0,0,0,51.38888889,10.27777778,20.55555556,0,51.38888889,41.11111111
11.FIN5,FIN,11,FIN5,5,Nella Berg,D,5.837837838,20.55555556,10.27777778,10.27777778,0,0,10.27777778,0,0,0,0,0,20.55555556,10.27777778,0,20.55555556,20.55555556,71.94444444
2.USA3,USA,2,USA3,3,Jenessa Gazdik,D,11.84210526,35.46666667,10.13333333,5.066666667,5.066666667,5.066666667,20.26666667,20.26666667,0,15.2,5.066666667,0,76,10.13333333,20.26666667,25.33333333,50.66666667,50.66666667
2.USA11,USA,2,USA11,11,Josie St. Martin,F,11.84210526,20.26666667,10.13333333,0,10.13333333,5.066666667,5.066666667,30.4,25.33333333,0,5.066666667,5.066666667,60.8,10.13333333,5.066666667,0,40.53333333,60.8
6.USA2,USA,6,USA2,2,Molly Jordan,D,12.02,19.96672213,9.983361065,0,9.983361065,0,9.983361065,9.983361065,4.991680532,0,4.991680532,0,34.94176373,9.983361065,4.991680532,24.95840266,79.86688852,34.94176373
6.CAN7,CAN,6,CAN7,7,Sarah Maceachern,D,12.02,19.96672213,9.983361065,4.991680532,4.991680532,4.991680532,4.991680532,4.991680532,0,0,4.991680532,0,29.95008319,9.983361065,4.991680532,29.95008319,39.93344426,54.90848586
9.CAN27,CAN,9,CAN27,27,Holly Abela,F,12.06,14.92537313,9.950248756,0,9.950248756,4.975124378,0,9.950248756,4.975124378,0,4.975124378,0,24.87562189,9.950248756,0,4.975124378,14.92537313,104.4776119
8.SWE6,SWE,8,SWE6,6,Tuva Kandell,D,12.09,24.81389578,9.925558313,4.962779156,4.962779156,4.962779156,9.925558313,14.88833747,4.962779156,4.962779156,4.962779156,0,59.55334988,9.925558313,19.85111663,34.73945409,59.55334988,49.62779156
1.CAN9,CAN,1,CAN9,9,Mckenna Van,F,6.052631579,9.913043478,9.913043478,0,9.913043478,0,0,29.73913043,0,19.82608696,9.913043478,0,59.47826087,9.913043478,19.82608696,9.913043478,69.39130435,29.73913043
1.CAN5,CAN,1,CAN5,5,Rhea Hicks,F,6.052631579,9.913043478,9.913043478,9.913043478,0,0,0,39.65217391,9.913043478,9.913043478,19.82608696,0,69.39130435,9.913043478,19.82608696,0,19.82608696,79.30434783
9.FIN18,FIN,9,FIN18,18,Tilli Keranen,F,18.32,16.37554585,9.825327511,9.825327511,0,3.27510917,3.27510917,22.92576419,13.10043668,6.550218341,3.27510917,0,39.30131004,9.825327511,0,9.825327511,32.7510917,45.85152838
4.FIN14,FIN,4,FIN14,14,Kerttu Lehmus,F,6.13,19.57585644,9.787928222,9.787928222,0,9.787928222,0,19.57585644,9.787928222,9.787928222,0,0,58.72756933,9.787928222,19.57585644,0,39.15171289,0
4.FIN18,FIN,4,FIN18,18,Tilli Keranen,F,18.39,13.05057096,9.787928222,3.262642741,6.525285481,0,3.262642741,19.57585644,6.525285481,9.787928222,3.262642741,0,35.88907015,9.787928222,3.262642741,0,68.51549755,48.93964111
10.USA17,USA,10,USA17,17,Kirsten Simms,F,12.3,14.63414634,9.756097561,4.87804878,4.87804878,4.87804878,0,29.26829268,14.63414634,14.63414634,0,0,43.90243902,9.756097561,0,0,39.02439024,73.17073171
10.USA25,USA,10,USA25,25,Finley McCarthy,F,12.31,14.62225833,9.748172218,4.874086109,4.874086109,4.874086109,0,29.24451665,4.874086109,14.62225833,9.748172218,14.62225833,58.48903331,9.748172218,0,4.874086109,19.49634444,107.2298944
11.SWE25,SWE,11,SWE25,25,Emma Pfeffer,F,12.32432432,24.34210526,9.736842105,4.868421053,4.868421053,9.736842105,4.868421053,43.81578947,4.868421053,29.21052632,9.736842105,4.868421053,77.89473684,9.736842105,4.868421053,0,68.15789474,24.34210526
11.SWE24,SWE,11,SWE24,24,Ebba Hedqvist,F,12.32432432,14.60526316,9.736842105,9.736842105,0,4.868421053,0,14.60526316,0,9.736842105,4.868421053,14.60526316,43.81578947,9.736842105,0,9.736842105,73.02631579,19.47368421
12.USA14,USA,12,USA14,14,Elyssa Biederman,F,12.34146341,19.44664032,9.723320158,9.723320158,0,0,9.723320158,19.44664032,4.861660079,0,14.58498024,0,38.89328063,9.723320158,0,0,68.06324111,38.89328063
3.CAN19,CAN,3,CAN19,19,Reichen Kirchmair,F,12.39795918,14.51851852,9.679012346,9.679012346,0,4.839506173,0,33.87654321,9.679012346,14.51851852,9.679012346,4.839506173,53.2345679,9.679012346,0,0,67.75308642,62.91358025
2.USA13,USA,2,USA13,13,Danielle Burgen,F,12.43421053,24.12698413,9.650793651,4.825396825,4.825396825,4.825396825,9.650793651,19.3015873,0,4.825396825,14.47619048,9.650793651,57.9047619,9.650793651,4.825396825,4.825396825,48.25396825,53.07936508
1.FIN6,FIN,1,FIN6,6,Siiri Yrjola,D,18.67105263,28.9217759,9.640591966,3.213530655,6.427061311,9.640591966,9.640591966,0,0,0,0,0,32.13530655,9.640591966,3.213530655,19.28118393,80.33826638,25.70824524
1.FIN19,FIN,1,FIN19,19,Heidi Kokora,F,6.223684211,19.28118393,9.640591966,9.640591966,0,9.640591966,0,48.20295983,9.640591966,19.28118393,19.28118393,0,67.48414376,9.640591966,0,0,86.7653277,19.28118393
9.CAN15,CAN,9,CAN15,15,Ava Murphy,D,12.54,23.92344498,9.56937799,4.784688995,4.784688995,4.784688995,9.56937799,9.56937799,4.784688995,4.784688995,0,0,47.84688995,9.56937799,14.35406699,28.70813397,38.27751196,71.77033493
4.FIN15,FIN,4,FIN15,15,Oona Havana,F,19.18,28.15432742,9.384775808,3.128258603,6.256517205,12.51303441,6.256517205,15.64129301,9.384775808,3.128258603,3.128258603,3.128258603,50.05213764,9.384775808,3.128258603,6.256517205,62.56517205,12.51303441
12.USA21,USA,12,USA21,21,Cassandra Hall,F,12.90243902,18.60113422,9.300567108,0,9.300567108,4.650283554,4.650283554,18.60113422,9.300567108,9.300567108,0,0,37.20226843,9.300567108,0,4.650283554,69.75425331,37.20226843
2.SWE5,SWE,2,SWE5,5,Alice Wallin,D,6.513157895,46.06060606,9.212121212,0,9.212121212,0,36.84848485,9.212121212,0,0,9.212121212,0,82.90909091,9.212121212,27.63636364,18.42424242,92.12121212,9.212121212
2.SWE10,SWE,2,SWE10,10,Nicole Hall,F,13.02631579,9.212121212,9.212121212,4.606060606,4.606060606,0,0,23.03030303,9.212121212,9.212121212,4.606060606,0,36.84848485,9.212121212,4.606060606,0,64.48484848,36.84848485
2.USA10,USA,2,USA10,10,Laila Edwards,F,13.02631579,9.212121212,9.212121212,4.606060606,4.606060606,0,0,41.45454545,32.24242424,4.606060606,4.606060606,4.606060606,55.27272727,9.212121212,0,9.212121212,23.03030303,78.3030303
10.USA18,USA,10,USA18,18,Claire Enright,F,6.53,9.188361409,9.188361409,9.188361409,0,0,0,55.13016845,9.188361409,18.37672282,27.56508423,0,64.31852986,9.188361409,0,0,27.56508423,137.8254211
4.FIN9,FIN,4,FIN9,9,Raili Mustonen,D,6.57,18.26484018,9.132420091,0,9.132420091,0,9.132420091,0,0,0,0,0,18.26484018,9.132420091,0,36.52968037,91.32420091,18.26484018
10.SWE25,SWE,10,SWE25,25,Emma Pfeffer,F,13.15,22.81368821,9.125475285,4.562737643,4.562737643,9.125475285,4.562737643,18.25095057,9.125475285,0,9.125475285,0,45.62737643,9.125475285,4.562737643,0,127.756654,18.25095057
9.FIN5,FIN,9,FIN5,5,Nella Berg,D,13.18,36.41881639,9.104704097,4.552352049,4.552352049,9.104704097,18.20940819,9.104704097,4.552352049,0,4.552352049,0,50.07587253,9.104704097,4.552352049,27.31411229,132.0182094,13.65705615
4.USA25,USA,4,USA25,25,Finley Mccarthy,F,13.18,13.65705615,9.104704097,9.104704097,0,0,4.552352049,22.76176024,22.76176024,0,0,0,40.97116844,9.104704097,4.552352049,0,22.76176024,104.7040971
8.SWE25,SWE,8,SWE25,25,Emma Pfeffer,F,13.28,36.14457831,9.036144578,4.518072289,4.518072289,13.55421687,13.55421687,22.59036145,18.07228916,4.518072289,0,4.518072289,76.80722892,9.036144578,13.55421687,0,58.73493976,22.59036145
5.SWE15,SWE,5,SWE15,15,Astrid Lindeberg,D,13.29,45.14672686,9.029345372,4.514672686,4.514672686,13.54401806,22.57336343,13.54401806,4.514672686,9.029345372,0,0,81.26410835,9.029345372,22.57336343,45.14672686,94.80812641,27.08803612
5.SWE29,SWE,5,SWE29,29,Stella Lindell,F,13.3,31.57894737,9.022556391,4.511278195,4.511278195,18.04511278,4.511278195,18.04511278,4.511278195,9.022556391,4.511278195,4.511278195,58.64661654,9.022556391,4.511278195,0,63.15789474,40.60150376
9.CAN24,CAN,9,CAN24,24,Madison Chantler,F,13.3,9.022556391,9.022556391,4.511278195,4.511278195,0,0,54.13533835,22.55639098,13.53383459,18.04511278,4.511278195,76.69172932,9.022556391,9.022556391,0,36.09022556,90.22556391
8.SWE24,SWE,8,SWE24,24,Ebba Hedqvist,F,13.36,22.45508982,8.982035928,4.491017964,4.491017964,0,13.47305389,22.45508982,4.491017964,4.491017964,13.47305389,4.491017964,49.4011976,8.982035928,0,4.491017964,53.89221557,26.94610778
11.SWE7,SWE,11,SWE7,7,Ida Karlsson,D,20.10810811,23.87096774,8.951612903,5.967741935,2.983870968,5.967741935,8.951612903,8.951612903,0,2.983870968,5.967741935,0,38.79032258,8.951612903,5.967741935,17.90322581,41.77419355,50.72580645
9.FIN16,FIN,9,FIN16,16,Jenniina Kuoppala,F,13.49,31.13417346,8.895478132,4.447739066,4.447739066,4.447739066,17.79095626,8.895478132,8.895478132,0,0,0,40.02965159,8.895478132,0,4.447739066,133.432172,22.23869533
4.FIN6,FIN,4,FIN6,6,Siiri Yrjola,D,20.26,20.73050346,8.884501481,0,8.884501481,5.923000987,5.923000987,14.80750247,2.961500494,5.923000987,5.923000987,0,41.46100691,8.884501481,5.923000987,35.53800592,62.19151037,17.76900296
2.SWE27,SWE,2,SWE27,27,Sofia Ljung,D,13.61842105,26.43478261,8.811594203,4.405797101,4.405797101,0,17.62318841,4.405797101,0,0,4.405797101,0,30.84057971,8.811594203,0,13.2173913,74.89855072,26.43478261
6.CAN8,CAN,6,CAN8,8,Brooke Disher,D,14.14,50.91937765,8.486562942,4.243281471,4.243281471,8.486562942,33.94625177,21.21640736,4.243281471,4.243281471,12.72984441,0,84.86562942,8.486562942,12.72984441,50.91937765,59.40594059,55.16265912
5.FIN7,FIN,5,FIN7,7,Sinna Varjonen,D,14.14,25.45968883,8.486562942,4.243281471,4.243281471,0,16.97312588,0,0,0,0,0,29.7029703,8.486562942,4.243281471,29.7029703,55.16265912,55.16265912
6.CAN6,CAN,6,CAN6,6,Tova Henderson,D,14.2,33.8028169,8.450704225,8.450704225,0,16.90140845,8.450704225,4.225352113,0,0,4.225352113,0,50.70422535,8.450704225,12.67605634,42.25352113,67.6056338,46.47887324
11.SWE12,SWE,11,SWE12,12,Stina Andersson,F,7.135135135,25.22727273,8.409090909,0,8.409090909,8.409090909,8.409090909,42.04545455,25.22727273,0,16.81818182,0,84.09090909,8.409090909,16.81818182,0,42.04545455,50.45454545
11.SWE8,SWE,11,SWE8,8,Jenna Raunio,D,14.27027027,21.02272727,8.409090909,0,8.409090909,4.204545455,8.409090909,16.81818182,4.204545455,8.409090909,4.204545455,0,42.04545455,8.409090909,4.204545455,16.81818182,50.45454545,42.04545455
5.SWE24,SWE,5,SWE24,24,Ebba Hedqvist,F,14.3,12.58741259,8.391608392,0,8.391608392,4.195804196,0,12.58741259,4.195804196,8.391608392,0,4.195804196,33.56643357,8.391608392,4.195804196,0,71.32867133,33.56643357
10.SWE14,SWE,10,SWE14,14,Ella Jamsen,F,7.17,33.47280335,8.368200837,8.368200837,0,8.368200837,16.73640167,16.73640167,0,8.368200837,8.368200837,0,50.20920502,8.368200837,0,0,117.1548117,25.10460251
8.SWE19,SWE,8,SWE19,19,Klara Kenttala,F,7.22,16.62049861,8.310249307,0,8.310249307,0,8.310249307,8.310249307,0,8.310249307,0,0,41.55124654,8.310249307,16.62049861,0,49.86149584,66.48199446
9.CAN19,CAN,9,CAN19,19,Reichen Kirchmair,F,14.45,8.30449827,8.30449827,4.152249135,4.152249135,0,0,45.67474048,16.60899654,12.4567474,16.60899654,12.4567474,70.58823529,8.30449827,4.152249135,4.152249135,37.37024221,83.0449827
12.USA23,USA,12,USA23,23,Madison Kaiser,F,7.292682927,49.36454849,8.227424749,8.227424749,0,24.68227425,16.4548495,32.909699,8.227424749,8.227424749,16.4548495,0,106.9565217,8.227424749,24.68227425,0,32.909699,74.04682274
12.USA25,USA,12,USA25,25,Finley Mccarthy,F,7.292682927,24.68227425,8.227424749,8.227424749,0,0,16.4548495,32.909699,16.4548495,8.227424749,8.227424749,0,57.59197324,8.227424749,0,16.4548495,32.909699,74.04682274
10.SWE12,SWE,10,SWE12,12,Stina Andersson,F,7.31,16.41586867,8.207934337,8.207934337,0,0,8.207934337,49.24760602,24.62380301,8.207934337,16.41586867,8.207934337,82.07934337,8.207934337,8.207934337,0,82.07934337,57.45554036
6.USA14,USA,6,USA14,14,Elyssa Biederman,F,15,20,8,4,4,8,4,20,16,0,4,0,40,8,0,4,64,32
10.SWE6,SWE,10,SWE6,6,Tuva Kandell,D,15.1,47.68211921,7.947019868,3.973509934,3.973509934,3.973509934,35.7615894,15.89403974,3.973509934,0,11.9205298,0,83.44370861,7.947019868,19.86754967,27.81456954,119.205298,19.86754967
12.CAN8,CAN,12,CAN8,8,Brooke Disher,D,15.14634146,23.76811594,7.922705314,0,7.922705314,7.922705314,7.922705314,11.88405797,0,7.922705314,3.961352657,0,43.57487923,7.922705314,7.922705314,55.4589372,67.34299517,39.61352657
3.SWE6,SWE,3,SWE6,6,Tuva Kandell,D,15.15306122,23.75757576,7.919191919,3.95959596,3.95959596,3.95959596,11.87878788,15.83838384,7.919191919,0,7.919191919,0,51.47474747,7.919191919,11.87878788,51.47474747,91.07070707,39.5959596
6.USA21,USA,6,USA21,21,Cassandra Hall,F,15.2,19.73684211,7.894736842,0,7.894736842,7.894736842,3.947368421,15.78947368,7.894736842,0,7.894736842,0,39.47368421,7.894736842,3.947368421,0,67.10526316,27.63157895
6.USA9,USA,6,USA9,9,Kelly Gorbatenko,F,15.29,15.69653368,7.848266841,0,7.848266841,7.848266841,0,43.16546763,19.6206671,11.77240026,11.77240026,7.848266841,78.48266841,7.848266841,11.77240026,3.924133421,62.78613473,31.39306736
5.SWE7,SWE,5,SWE7,7,Ida Karlsson,D,15.33,19.56947162,7.82778865,0,7.82778865,3.913894325,7.82778865,15.6555773,0,11.74168297,3.913894325,0,43.05283757,7.82778865,7.82778865,35.22504892,46.9667319,74.36399217
2.USA4,USA,2,USA4,4,Ava Svejkovsky,D,7.697368421,15.58974359,7.794871795,0,7.794871795,0,7.794871795,15.58974359,0,15.58974359,0,0,38.97435897,7.794871795,7.794871795,15.58974359,23.38461538,77.94871795
4.USA22,USA,4,USA22,22,Tessa Janecke,F,15.46,7.761966365,7.761966365,7.761966365,0,0,0,31.04786546,23.28589909,7.761966365,0,0,46.57179819,7.761966365,7.761966365,3.880983182,31.04786546,65.9767141
5.SWE25,SWE,5,SWE25,25,Emma Pfeffer,F,15.56,23.13624679,7.712082262,7.712082262,0,11.56812339,3.856041131,23.13624679,7.712082262,7.712082262,7.712082262,7.712082262,57.84061697,7.712082262,3.856041131,7.712082262,88.68894602,30.84832905
3.CAN15,CAN,3,CAN15,15,Ava Murphy,D,15.6122449,23.05882353,7.68627451,3.843137255,3.843137255,7.68627451,7.68627451,23.05882353,19.21568627,3.843137255,0,0,69.17647059,7.68627451,23.05882353,11.52941176,19.21568627,111.4509804
1.CAN21,CAN,1,CAN21,21,Jordan Baxter,F,15.73684211,19.06354515,7.62541806,3.81270903,3.81270903,11.43812709,0,26.68896321,15.25083612,0,11.43812709,0,49.56521739,7.62541806,3.81270903,3.81270903,22.87625418,76.2541806
6.USA4,USA,6,USA4,4,Ava Svejkovsky,D,8.07,29.73977695,7.434944238,0,7.434944238,0,22.30483271,7.434944238,0,7.434944238,0,0,59.4795539,7.434944238,22.30483271,22.30483271,66.91449814,44.60966543
6.USA10,USA,6,USA10,10,Laila Edwards,F,8.1,14.81481481,7.407407407,7.407407407,0,7.407407407,0,44.44444444,29.62962963,0,14.81481481,0,81.48148148,7.407407407,22.22222222,0,44.44444444,51.85185185
6.USA13,USA,6,USA13,13,Danielle Burgen,F,8.25,14.54545455,7.272727273,7.272727273,0,7.272727273,0,21.81818182,14.54545455,0,7.272727273,0,50.90909091,7.272727273,14.54545455,0,72.72727273,80
3.SWE7,SWE,3,SWE7,7,Ida Karlsson,D,16.53061224,29.03703704,7.259259259,7.259259259,0,3.62962963,18.14814815,18.14814815,3.62962963,7.259259259,7.259259259,0,61.7037037,7.259259259,14.51851852,18.14814815,68.96296296,61.7037037
9.FIN15,FIN,9,FIN15,15,Oona Havana,F,16.54,25.3929867,7.255139057,7.255139057,0,3.627569528,14.51027811,25.3929867,10.88270859,0,14.51027811,0,54.41354293,7.255139057,3.627569528,10.88270859,76.1789601,18.13784764
12.CAN10,CAN,12,CAN10,10,Jade Iginla,F,8.414634146,35.65217391,7.130434783,7.130434783,0,28.52173913,0,49.91304348,28.52173913,7.130434783,14.26086957,7.130434783,114.0869565,7.130434783,21.39130435,7.130434783,71.30434783,35.65217391
12.USA13,USA,12,USA13,13,Danielle Burgen,F,8.414634146,21.39130435,7.130434783,0,7.130434783,0,14.26086957,64.17391304,35.65217391,14.26086957,14.26086957,0,92.69565217,7.130434783,7.130434783,0,42.7826087,64.17391304
8.SWE29,SWE,8,SWE29,29,Stella Lindell,F,8.48,28.30188679,7.075471698,7.075471698,0,7.075471698,14.1509434,28.30188679,0,14.1509434,14.1509434,21.22641509,84.90566038,7.075471698,7.075471698,7.075471698,63.67924528,56.60377358
1.FIN5,FIN,1,FIN5,5,Nella Berg,D,8.486842105,35.34883721,7.069767442,7.069767442,0,7.069767442,21.20930233,7.069767442,0,0,7.069767442,0,77.76744186,7.069767442,35.34883721,14.13953488,70.69767442,35.34883721
5.SWE3,SWE,5,SWE3,3,Mira Jungaker,D,17.05,14.07624633,7.038123167,0,7.038123167,7.038123167,0,28.15249267,17.59530792,3.519061584,7.038123167,0,66.86217009,7.038123167,24.63343109,10.55718475,45.74780059,66.86217009
5.FIN18,FIN,5,FIN18,18,Tilli Keranen,F,17.29,17.35106998,6.940427993,3.470213997,3.470213997,6.940427993,3.470213997,24.29149798,10.41064199,6.940427993,6.940427993,3.470213997,45.11278195,6.940427993,0,3.470213997,48.58299595,76.34470792
11.FIN12,FIN,11,FIN12,12,Ada Eronen,D,17.51351351,30.83333333,6.851851852,3.425925926,3.425925926,6.851851852,17.12962963,3.425925926,3.425925926,0,0,0,41.11111111,6.851851852,6.851851852,23.98148148,51.38888889,41.11111111
12.USA7,USA,12,USA7,7,Ava Lindsay,F,8.975609756,20.05434783,6.684782609,6.684782609,0,6.684782609,6.684782609,26.73913043,13.36956522,6.684782609,6.684782609,0,53.47826087,6.684782609,6.684782609,0,53.47826087,53.47826087
9.CAN17,CAN,9,CAN17,17,Avahla Adam,F,9.06,6.622516556,6.622516556,0,6.622516556,0,0,26.49006623,19.86754967,6.622516556,0,0,33.11258278,6.622516556,0,0,39.73509934,112.5827815
1.CAN23,CAN,1,CAN23,23,Alexia Aubin,F,9.078947368,13.2173913,6.608695652,6.608695652,0,0,6.608695652,72.69565217,39.65217391,33.04347826,0,13.2173913,99.13043478,6.608695652,0,0,13.2173913,85.91304348
9.FIN19,FIN,9,FIN19,19,Heidi Kokora,F,9.1,19.78021978,6.593406593,0,6.593406593,6.593406593,6.593406593,26.37362637,13.18681319,13.18681319,0,13.18681319,59.34065934,6.593406593,0,6.593406593,171.4285714,13.18681319
4.FIN22,FIN,4,FIN22,22,Julia Schalin,F,18.23,32.91278113,6.582556226,3.291278113,3.291278113,16.45639057,9.873834339,16.45639057,3.291278113,13.16511245,0,0,52.66044981,6.582556226,3.291278113,13.16511245,72.40811849,9.873834339
5.FIN21,FIN,5,FIN21,21,Neea Pelkonen,F,9.16,19.65065502,6.550218341,0,6.550218341,13.10043668,0,26.20087336,13.10043668,13.10043668,0,13.10043668,58.95196507,6.550218341,0,0,26.20087336,13.10043668
9.CAN8,CAN,9,CAN8,8,Brooke Disher,D,18.32,13.10043668,6.550218341,3.27510917,3.27510917,3.27510917,3.27510917,9.825327511,0,9.825327511,0,0,49.12663755,6.550218341,26.20087336,39.30131004,22.92576419,98.25327511
2.USA5,USA,2,USA5,5,Laney Potter,D,18.35526316,19.61290323,6.537634409,3.268817204,3.268817204,3.268817204,9.806451613,6.537634409,0,0,6.537634409,0,39.22580645,6.537634409,13.07526882,9.806451613,39.22580645,62.10752688
3.SWE14,SWE,3,SWE14,14,Ella Jamsen,F,9.183673469,6.533333333,6.533333333,6.533333333,0,0,0,0,0,0,0,0,6.533333333,6.533333333,0,0,104.5333333,26.13333333
5.SWE9,SWE,5,SWE9,9,Mira Markstrom,F,18.4,6.52173913,6.52173913,3.260869565,3.260869565,0,0,32.60869565,16.30434783,13.04347826,3.260869565,6.52173913,55.43478261,6.52173913,9.782608696,3.260869565,39.13043478,75
5.FIN16,FIN,5,FIN16,16,Jenniina Kuoppala,F,9.59,37.53910323,6.256517205,6.256517205,0,25.02606882,6.256517205,37.53910323,18.76955162,12.51303441,6.256517205,0,81.33472367,6.256517205,6.256517205,6.256517205,18.76955162,37.53910323
10.USA16,USA,10,USA16,16,Grace Dwyer,D,19.22,15.60874089,6.243496358,3.121748179,3.121748179,3.121748179,6.243496358,3.121748179,3.121748179,0,0,0,18.73048907,6.243496358,0,21.85223725,28.09573361,115.5046826
3.CAN17,CAN,3,CAN17,17,Avahla Adam,F,9.642857143,24.88888889,6.222222222,0,6.222222222,0,18.66666667,12.44444444,0,6.222222222,6.222222222,0,43.55555556,6.222222222,6.222222222,0,56,74.66666667
3.CAN27,CAN,3,CAN27,27,Holly Abela,F,9.642857143,6.222222222,6.222222222,0,6.222222222,0,0,12.44444444,0,6.222222222,6.222222222,6.222222222,31.11111111,6.222222222,6.222222222,0,18.66666667,112
1.CAN7,CAN,1,CAN7,7,Sarah Maceachern,D,9.684210526,6.195652174,6.195652174,6.195652174,0,0,0,6.195652174,0,6.195652174,0,0,30.97826087,6.195652174,18.58695652,18.58695652,37.17391304,61.95652174
5.FIN15,FIN,5,FIN15,15,Oona Havana,F,19.42,15.44799176,6.179196704,3.089598352,3.089598352,3.089598352,6.179196704,30.89598352,18.53759011,6.179196704,6.179196704,0,49.43357364,6.179196704,3.089598352,0,49.43357364,83.41915551
9.FIN6,FIN,9,FIN6,6,Siiri Yrjola,D,19.55,18.41432225,6.138107417,0,6.138107417,0,12.27621483,6.138107417,0,0,6.138107417,0,33.75959079,6.138107417,9.207161125,27.62148338,73.657289,33.75959079
1.FIN7,FIN,1,FIN7,7,Sinna Varjonen,D,10.18421053,58.91472868,5.891472868,0,5.891472868,17.6744186,35.34883721,29.45736434,0,17.6744186,11.78294574,0,100.1550388,5.891472868,11.78294574,53.02325581,70.69767442,35.34883721
1.FIN12,FIN,1,FIN12,12,Ada Eronen,D,20.36842105,17.6744186,5.891472868,0,5.891472868,2.945736434,8.837209302,2.945736434,0,2.945736434,0,0,32.40310078,5.891472868,11.78294574,14.72868217,82.48062016,23.56589147
6.USA3,USA,6,USA3,3,Jenessa Gazdik,D,10.19,11.77625123,5.888125613,5.888125613,0,0,5.888125613,5.888125613,0,0,5.888125613,0,29.44062807,5.888125613,11.77625123,47.10500491,64.76938175,47.10500491
9.CAN14,CAN,9,CAN14,14,Emmalee Pais,F,10.28,5.836575875,5.836575875,0,5.836575875,0,0,40.85603113,17.50972763,11.67315175,11.67315175,0,46.692607,5.836575875,0,0,17.50972763,105.0583658
6.CAN14,CAN,6,CAN14,14,Emmalee Pais,F,10.37,17.35776278,5.785920926,5.785920926,0,11.57184185,0,75.21697203,28.92960463,17.35776278,28.92960463,5.785920926,104.1465767,5.785920926,5.785920926,11.57184185,46.28736741,52.07328833
4.FIN20,FIN,4,FIN20,20,Sofia Kari,F,10.39,23.09913378,5.774783446,5.774783446,0,5.774783446,11.54956689,23.09913378,0,5.774783446,17.32435034,0,46.19826756,5.774783446,0,5.774783446,92.39653513,0
10.USA21,USA,10,USA21,21,Cassandra Hall,F,10.41,5.763688761,5.763688761,0,5.763688761,0,0,23.05475504,23.05475504,0,0,0,34.58213256,5.763688761,5.763688761,5.763688761,57.63688761,138.3285303
6.CAN25,CAN,6,CAN25,25,Alyssa Regalado,D,10.42,28.79078695,5.75815739,5.75815739,0,0,23.03262956,5.75815739,0,0,5.75815739,0,51.82341651,5.75815739,17.27447217,28.79078695,51.82341651,46.06525912
6.CAN16,CAN,6,CAN16,16,Alex Law,F,10.42,17.27447217,5.75815739,0,5.75815739,0,11.51631478,23.03262956,17.27447217,0,5.75815739,0,51.82341651,5.75815739,11.51631478,0,34.54894434,63.33973129
7.CAN19,CAN,7,CAN19,19,Reichen Kirchmair,F,10.42,5.75815739,5.75815739,0,5.75815739,0,0,23.03262956,23.03262956,0,0,0,28.79078695,5.75815739,0,0,28.79078695,138.1957774
3.CAN21,CAN,3,CAN21,21,Jordan Baxter,F,10.56122449,34.08695652,5.68115942,0,5.68115942,5.68115942,22.72463768,45.44927536,22.72463768,5.68115942,17.04347826,0,90.89855072,5.68115942,11.36231884,11.36231884,51.13043478,79.53623188
12.USA9,USA,12,USA9,9,Kelly Gorbatenko,F,10.65853659,33.77574371,5.629290618,5.629290618,0,11.25858124,16.88787185,22.51716247,11.25858124,0,11.25858124,5.629290618,61.9221968,5.629290618,0,5.629290618,73.18077803,33.77574371
7.CAN5,CAN,7,CAN5,5,Rhea Hicks,F,11.13,10.78167116,5.39083558,5.39083558,0,5.39083558,0,5.39083558,5.39083558,0,0,0,16.17250674,5.39083558,0,10.78167116,10.78167116,140.1617251
12.CAN27,CAN,12,CAN27,27,Holly Abela,F,11.2195122,5.347826087,5.347826087,0,5.347826087,0,0,21.39130435,10.69565217,5.347826087,5.347826087,0,32.08695652,5.347826087,5.347826087,0,74.86956522,32.08695652
2.USA7,USA,2,USA7,7,Ava Lindsay,F,11.25,5.333333333,5.333333333,0,5.333333333,0,0,21.33333333,10.66666667,5.333333333,5.333333333,0,26.66666667,5.333333333,0,0,42.66666667,58.66666667
6.USA24,USA,6,USA24,24,Margaret Scannell,F,11.26,26.64298401,5.328596803,0,5.328596803,15.98579041,5.328596803,26.64298401,15.98579041,10.65719361,0,10.65719361,74.60035524,5.328596803,10.65719361,0,58.61456483,47.95737123
10.USA14,USA,10,USA14,14,Elyssa Biederman,F,11.29,5.314437555,5.314437555,0,5.314437555,0,0,26.57218778,21.25775022,5.314437555,0,5.314437555,47.829938,5.314437555,10.62887511,10.62887511,42.51550044,116.9176262
7.CAN21,CAN,7,CAN21,21,Jordan Baxter,F,11.43,5.249343832,5.249343832,0,5.249343832,0,0,41.99475066,31.49606299,10.49868766,0,10.49868766,68.24146982,5.249343832,10.49868766,0,26.24671916,167.9790026
3.SWE19,SWE,3,SWE19,19,Klara Kenttala,F,11.47959184,10.45333333,5.226666667,5.226666667,0,0,5.226666667,31.36,20.90666667,5.226666667,5.226666667,5.226666667,47.04,5.226666667,0,0,67.94666667,62.72
7.CAN26,CAN,7,CAN26,26,Karel Prefontaine,F,11.48,5.226480836,5.226480836,5.226480836,0,0,0,26.13240418,26.13240418,0,0,0,31.35888502,5.226480836,0,0,15.67944251,167.2473868
11.SWE23,SWE,11,SWE23,23,Isabelle Leijonhielm,F,11.67567568,10.27777778,5.138888889,0,5.138888889,0,5.138888889,35.97222222,15.41666667,10.27777778,10.27777778,10.27777778,61.66666667,5.138888889,5.138888889,0,51.38888889,41.11111111
7.CAN17,CAN,7,CAN17,17,Avahla Adam,F,12.05,9.958506224,4.979253112,0,4.979253112,0,4.979253112,34.85477178,24.89626556,4.979253112,4.979253112,0,44.81327801,4.979253112,0,0,29.87551867,139.4190871
9.FIN27,FIN,9,FIN27,27,Maaria Vihervuori,F,12.06,34.82587065,4.975124378,4.975124378,0,4.975124378,24.87562189,0,0,0,0,0,39.80099502,4.975124378,4.975124378,0,154.2288557,14.92537313
6.USA5,USA,6,USA5,5,Laney Potter,D,12.09,14.88833747,4.962779156,0,4.962779156,4.962779156,4.962779156,9.925558313,0,4.962779156,4.962779156,0,29.77667494,4.962779156,4.962779156,54.59057072,64.51612903,84.36724566
10.USA24,USA,10,USA24,24,Margaret Scannell,F,12.17,4.930156122,4.930156122,4.930156122,0,0,0,44.37140509,34.51109285,9.860312243,0,0,64.09202958,4.930156122,14.79046836,0,34.51109285,128.1840592
10.SWE9,SWE,10,SWE9,9,Mira Markstrom,F,12.21,24.57002457,4.914004914,4.914004914,0,9.828009828,9.828009828,44.22604423,24.57002457,9.828009828,9.828009828,0,68.7960688,4.914004914,0,4.914004914,83.53808354,29.48402948
9.CAN21,CAN,9,CAN21,21,Jordan Baxter,F,12.22,19.63993453,4.909983633,0,4.909983633,4.909983633,9.819967267,34.36988543,9.819967267,19.63993453,4.909983633,0,58.9198036,4.909983633,4.909983633,0,44.1898527,83.46972177
10.USA6,USA,10,USA6,6,Emma Peschel,D,12.24,29.41176471,4.901960784,0,4.901960784,9.803921569,14.70588235,9.803921569,4.901960784,4.901960784,0,0,68.62745098,4.901960784,29.41176471,34.31372549,24.50980392,63.7254902
5.SWE23,SWE,5,SWE23,23,Isabelle Leijonhielm,F,12.38,24.23263328,4.846526656,4.846526656,0,9.693053312,9.693053312,33.92568659,19.38610662,14.53957997,0,4.846526656,72.69789984,4.846526656,9.693053312,4.846526656,63.00484653,24.23263328
6.CAN23,CAN,6,CAN23,23,Alexia Aubin,F,12.4,14.51612903,4.838709677,4.838709677,0,0,9.677419355,9.677419355,9.677419355,0,0,0,24.19354839,4.838709677,0,0,72.58064516,48.38709677
3.CAN26,CAN,3,CAN26,26,Karel Prefontaine,F,12.85714286,4.666666667,4.666666667,0,4.666666667,0,0,23.33333333,9.333333333,4.666666667,9.333333333,4.666666667,46.66666667,4.666666667,14,0,42,88.66666667
9.CAN9,CAN,9,CAN9,9,Mckenna Van,F,13.01,9.223674097,4.611837048,4.611837048,0,4.611837048,0,9.223674097,4.611837048,4.611837048,0,13.83551115,32.28285934,4.611837048,0,13.83551115,36.89469639,50.73020753
2.SWE25,SWE,2,SWE25,25,Emma Pfeffer,F,13.02631579,23.03030303,4.606060606,0,4.606060606,13.81818182,4.606060606,9.212121212,4.606060606,4.606060606,0,4.606060606,36.84848485,4.606060606,0,4.606060606,78.3030303,23.03030303
2.SWE4,SWE,2,SWE4,4,Olivia Sohrner,D,13.02631579,13.81818182,4.606060606,0,4.606060606,0,9.212121212,0,0,0,0,0,23.03030303,4.606060606,9.212121212,9.212121212,64.48484848,36.84848485
2.SWE29,SWE,2,SWE29,29,Stella Lindell,F,13.02631579,9.212121212,4.606060606,4.606060606,0,0,4.606060606,18.42424242,13.81818182,0,4.606060606,4.606060606,32.24242424,4.606060606,0,0,50.66666667,50.66666667
7.CAN9,CAN,7,CAN9,9,Mckenna Van,F,13.08,9.174311927,4.587155963,4.587155963,0,0,4.587155963,45.87155963,32.11009174,0,13.76146789,4.587155963,64.22018349,4.587155963,4.587155963,4.587155963,13.76146789,142.2018349
1.CAN6,CAN,1,CAN6,6,Tova Henderson,D,13.31578947,31.54150198,4.505928854,0,4.505928854,18.02371542,9.011857708,18.02371542,4.505928854,0,13.51778656,0,85.61264822,4.505928854,36.04743083,31.54150198,31.54150198,67.58893281
3.CAN25,CAN,3,CAN25,25,Alyssa Regalado,D,13.31632653,22.52873563,4.505747126,0,4.505747126,13.51724138,4.505747126,27.03448276,9.011494253,9.011494253,9.011494253,0,58.57471264,4.505747126,9.011494253,27.03448276,40.55172414,90.11494253
5.SWE16,SWE,5,SWE16,16,Linnea Adelbertsson,F,13.4,8.955223881,4.47761194,4.47761194,0,4.47761194,0,8.955223881,0,8.955223881,0,0,17.91044776,4.47761194,0,0,71.64179104,40.29850746
12.CAN7,CAN,12,CAN7,7,Sarah Maceachern,D,13.46341463,13.36956522,4.456521739,4.456521739,0,8.913043478,0,4.456521739,4.456521739,0,0,0,26.73913043,4.456521739,8.913043478,71.30434783,49.02173913,57.93478261
3.SWE15,SWE,3,SWE15,15,Astrid Lindeberg,D,13.7755102,39.2,4.355555556,4.355555556,0,4.355555556,30.48888889,21.77777778,0,17.42222222,4.355555556,0,74.04444444,4.355555556,13.06666667,17.42222222,87.11111111,43.55555556
7.CAN23,CAN,7,CAN23,23,Alexia Aubin,F,14.08,4.261363636,4.261363636,4.261363636,0,0,0,29.82954545,17.04545455,8.522727273,4.261363636,0,38.35227273,4.261363636,4.261363636,0,4.261363636,140.625
4.FIN3,FIN,4,FIN3,3,Adalmiina Makkonen,D,14.17,21.17148906,4.234297812,0,4.234297812,8.468595625,8.468595625,21.17148906,8.468595625,4.234297812,8.468595625,0,55.04587156,4.234297812,12.70289344,12.70289344,88.92025406,33.8743825
2.USA17,USA,2,USA17,17,Kirsten Simms,F,14.21052632,12.66666667,4.222222222,0,4.222222222,4.222222222,4.222222222,12.66666667,8.444444444,4.222222222,0,4.222222222,29.55555556,4.222222222,0,0,29.55555556,71.77777778
3.CAN6,CAN,3,CAN6,6,Tova Henderson,D,14.23469388,25.29032258,4.215053763,4.215053763,0,4.215053763,16.86021505,4.215053763,0,4.215053763,0,0,37.93548387,4.215053763,8.430107527,16.86021505,25.29032258,105.3763441
4.USA10,USA,4,USA10,10,Laila Edwards,F,14.44,8.310249307,4.155124654,4.155124654,0,4.155124654,0,41.55124654,29.08587258,4.155124654,8.310249307,0,62.32686981,4.155124654,12.46537396,0,33.24099723,70.63711911
4.USA3,USA,4,USA3,3,Jenessa Gazdik,D,14.52,12.39669421,4.132231405,4.132231405,0,0,8.26446281,0,0,0,0,0,16.52892562,4.132231405,4.132231405,28.92561983,20.66115702,82.6446281
12.CAN21,CAN,12,CAN21,21,Jordan Baxter,F,14.58536585,8.227424749,4.113712375,0,4.113712375,0,4.113712375,12.34113712,0,8.227424749,4.113712375,4.113712375,24.68227425,4.113712375,0,4.113712375,49.36454849,57.59197324
9.FIN7,FIN,9,FIN7,7,Sinna Varjonen,D,15.08,23.87267905,3.978779841,3.978779841,0,3.978779841,15.91511936,3.978779841,0,0,3.978779841,0,35.80901857,3.978779841,7.957559682,35.80901857,131.2997347,15.91511936
8.SWE16,SWE,8,SWE16,16,Linnea Adelbertsson,F,15.12,3.968253968,3.968253968,0,3.968253968,0,0,27.77777778,11.9047619,3.968253968,11.9047619,3.968253968,35.71428571,3.968253968,0,7.936507937,43.65079365,23.80952381
12.CAN19,CAN,12,CAN19,19,Reichen Kirchmair,F,15.14634146,15.84541063,3.961352657,0,3.961352657,7.922705314,3.961352657,23.76811594,3.961352657,3.961352657,15.84541063,7.922705314,51.49758454,3.961352657,3.961352657,0,47.53623188,59.42028986
10.SWE27,SWE,10,SWE27,27,Sofia Ljung,D,15.42,23.3463035,3.891050584,3.891050584,0,3.891050584,15.56420233,0,0,0,0,0,27.23735409,3.891050584,3.891050584,27.23735409,143.9688716,38.91050584
4.FIN28,FIN,4,FIN28,28,Pauliina Salonen,F,15.48,11.62790698,3.875968992,3.875968992,0,7.751937984,0,34.88372093,15.50387597,11.62790698,7.751937984,3.875968992,54.26356589,3.875968992,3.875968992,7.751937984,69.76744186,54.26356589
3.SWE9,SWE,3,SWE9,9,Mira Markstrom,F,15.6122449,19.21568627,3.843137255,0,3.843137255,11.52941176,3.843137255,38.43137255,23.05882353,7.68627451,7.68627451,7.68627451,80.70588235,3.843137255,15.37254902,0,61.49019608,69.17647059
4.FIN8,FIN,4,FIN8,8,Tuuli Tallinen,D,16.07,14.93466086,3.733665215,3.733665215,0,3.733665215,7.467330429,14.93466086,0,0,14.93466086,0,52.27131301,3.733665215,22.40199129,26.1356565,74.67330429,18.66832607
11.SWE27,SWE,11,SWE27,27,Sofia Ljung,D,16.21621622,25.9,3.7,3.7,0,11.1,11.1,22.2,0,11.1,11.1,0,59.2,3.7,11.1,29.6,51.8,40.7
12.CAN6,CAN,12,CAN6,6,Tova Henderson,D,16.26829268,22.12893553,3.688155922,0,3.688155922,7.376311844,11.06446777,3.688155922,0,0,3.688155922,0,36.88155922,3.688155922,11.06446777,7.376311844,70.07496252,36.88155922
6.USA16,USA,6,USA16,16,Grace Dwyer,D,16.45,10.94224924,3.647416413,0,3.647416413,3.647416413,3.647416413,7.294832827,0,0,7.294832827,0,32.82674772,3.647416413,14.58966565,32.82674772,36.47416413,40.12158055
2.SWE19,SWE,2,SWE19,19,Klara Kenttala,F,16.57894737,14.47619048,3.619047619,0,3.619047619,3.619047619,7.238095238,10.85714286,3.619047619,3.619047619,3.619047619,0,32.57142857,3.619047619,7.238095238,7.238095238,54.28571429,47.04761905
3.SWE10,SWE,3,SWE10,10,Nicole Hall,F,16.98979592,3.531531532,3.531531532,0,3.531531532,0,0,7.063063063,3.531531532,0,3.531531532,3.531531532,14.12612613,3.531531532,0,7.063063063,67.0990991,63.56756757
5.SWE11,SWE,5,SWE11,11,Julia Perjus,F,17.26,6.952491309,3.476245655,3.476245655,0,3.476245655,0,17.38122827,3.476245655,10.42873696,3.476245655,10.42873696,45.19119351,3.476245655,10.42873696,3.476245655,48.66743917,62.57242178
5.FIN12,FIN,5,FIN12,12,Ada Eronen,D,17.48,10.29748284,3.432494279,3.432494279,0,0,6.864988558,10.29748284,0,6.864988558,3.432494279,0,34.32494279,3.432494279,13.72997712,27.45995423,51.48741419,78.94736842
5.FIN8,FIN,5,FIN8,8,Tuuli Tallinen,D,18.07,19.92252352,3.320420587,0,3.320420587,6.640841173,9.96126176,9.96126176,0,3.320420587,6.640841173,0,43.16546763,3.320420587,13.28168235,23.24294411,26.56336469,66.40841173
1.FIN10,FIN,1,FIN10,10,Kaisa Antti,F,18.10526316,23.19767442,3.313953488,0,3.313953488,6.627906977,13.25581395,26.51162791,19.88372093,6.627906977,0,6.627906977,56.3372093,3.313953488,0,3.313953488,69.59302326,36.45348837
11.FIN18,FIN,11,FIN18,18,Tilli Keranen,F,18.16216216,13.21428571,3.303571429,0,3.303571429,6.607142857,3.303571429,13.21428571,9.910714286,0,3.303571429,3.303571429,29.73214286,3.303571429,0,0,39.64285714,52.85714286
11.SWE9,SWE,11,SWE9,9,Mira Markstrom,F,18.16216216,9.910714286,3.303571429,0,3.303571429,3.303571429,3.303571429,23.125,9.910714286,6.607142857,6.607142857,9.910714286,46.25,3.303571429,3.303571429,3.303571429,29.73214286,62.76785714
9.CAN7,CAN,9,CAN7,7,Sarah Maceachern,D,18.26,9.857612267,3.285870756,3.285870756,0,3.285870756,3.285870756,6.571741512,0,0,6.571741512,0,39.43044907,3.285870756,23.00109529,36.14457831,39.43044907,69.00328587
2.SWE8,SWE,2,SWE8,8,Jenna Raunio,D,18.35526316,6.537634409,3.268817204,0,3.268817204,0,3.268817204,6.537634409,6.537634409,0,0,0,16.34408602,3.268817204,3.268817204,16.34408602,65.37634409,35.95698925
9.FIN8,FIN,9,FIN8,8,Tuuli Tallinen,D,18.43,13.02224634,3.255561584,0,3.255561584,3.255561584,6.511123169,9.766684753,0,6.511123169,3.255561584,3.255561584,35.81117743,3.255561584,9.766684753,45.57786218,74.87791644,45.57786218
11.SWE16,SWE,11,SWE16,16,Linnea Adelbertsson,F,18.81081081,9.568965517,3.189655172,3.189655172,0,6.379310345,0,9.568965517,0,3.189655172,6.379310345,0,25.51724138,3.189655172,6.379310345,3.189655172,66.98275862,25.51724138
11.FIN22,FIN,11,FIN22,22,Julia Schalin,F,21.40540541,5.606060606,2.803030303,0,2.803030303,0,2.803030303,22.42424242,8.409090909,5.606060606,8.409090909,0,28.03030303,2.803030303,0,5.606060606,44.84848485,47.65151515
11.FIN8,FIN,11,FIN8,8,Tuuli Tallinen,D,24,15,2.5,2.5,0,0,12.5,2.5,0,2.5,0,0,27.5,2.5,10,37.5,42.5,50
10.SWE4,SWE,10,SWE4,4,Olivia Sohrner,D,0.32,187.5,0,0,0,0,187.5,0,0,0,0,0,187.5,0,0,0,187.5,0
11.FIN20,FIN,11,FIN20,20,Sofia Kari,F,0.648648649,92.5,0,0,0,0,92.5,0,0,0,0,0,92.5,0,0,92.5,92.5,0
11.SWE15,SWE,11,SWE15,15,Astrid Lindeberg,D,1.945945946,92.5,0,0,0,92.5,0,154.1666667,61.66666667,92.5,0,0,370,0,123.3333333,339.1666667,0,92.5
11.FIN14,FIN,11,FIN14,14,Kerttu Lehmus,F,0.648648649,92.5,0,0,0,0,92.5,92.5,0,0,92.5,92.5,277.5,0,0,0,0,92.5
10.USA11,USA,10,USA11,11,Josie St. Martin,F,2.04,58.82352941,0,0,0,58.82352941,0,58.82352941,0,58.82352941,0,29.41176471,147.0588235,0,0,0,29.41176471,117.6470588
5.FIN20,FIN,5,FIN20,20,Sofia Kari,F,4.4,54.54545455,0,0,0,13.63636364,40.90909091,27.27272727,13.63636364,0,13.63636364,0,109.0909091,0,27.27272727,0,81.81818182,40.90909091
1.FIN26,FIN,1,FIN26,26,Peppi Virtanen,F,3.394736842,53.02325581,0,0,0,0,53.02325581,53.02325581,17.6744186,35.34883721,0,17.6744186,123.7209302,0,0,17.6744186,88.37209302,17.6744186
9.FIN21,FIN,9,FIN21,21,Neea Pelkonen,F,2.27,52.86343612,0,0,0,26.43171806,26.43171806,26.43171806,0,26.43171806,0,26.43171806,105.7268722,0,0,26.43171806,185.0220264,0
2.SWE28,SWE,2,SWE28,28,Moa Gustafsson,F,5.328947368,45.03703704,0,0,0,33.77777778,11.25925926,45.03703704,11.25925926,11.25925926,22.51851852,0,101.3333333,0,11.25925926,22.51851852,90.07407407,11.25925926
6.CAN5,CAN,6,CAN5,5,Rhea Hicks,F,10.09,41.62537166,0,0,0,0,41.62537166,11.89296333,5.946481665,5.946481665,0,5.946481665,65.41129832,0,5.946481665,5.946481665,47.57185332,41.62537166
3.CAN28,CAN,3,CAN28,28,Piper Grober,D,5.969387755,40.20512821,0,0,0,10.05128205,30.15384615,20.1025641,0,0,20.1025641,0,80.41025641,0,20.1025641,30.15384615,50.25641026,80.41025641
5.SWE5,SWE,5,SWE5,5,Alice Wallin,D,6.32,37.97468354,0,0,0,9.493670886,28.48101266,18.98734177,0,9.493670886,9.493670886,0,75.94936709,0,18.98734177,28.48101266,104.4303797,18.98734177
1.FIN21,FIN,1,FIN21,21,Neea Pelkonen,F,1.697368421,35.34883721,0,0,0,0,35.34883721,35.34883721,0,0,35.34883721,0,70.69767442,0,0,0,106.0465116,0
8.SWE27,SWE,8,SWE27,27,Sofia Ljung,D,14.44,33.24099723,0,0,0,4.155124654,29.08587258,8.310249307,0,4.155124654,4.155124654,0,58.17174515,0,16.62049861,24.93074792,49.86149584,37.39612188
5.SWE6,SWE,5,SWE6,6,Tuva Kandell,D,13.35,26.96629213,0,0,0,0,26.96629213,13.48314607,0,0,13.48314607,0,53.93258427,0,13.48314607,40.4494382,89.88764045,40.4494382
5.FIN14,FIN,5,FIN14,14,Kerttu Lehmus,F,4.46,26.9058296,0,0,0,13.4529148,13.4529148,0,0,0,0,0,26.9058296,0,0,0,80.71748879,40.35874439
1.FIN27,FIN,1,FIN27,27,Maaria Vihervuori,F,6.789473684,26.51162791,0,0,0,17.6744186,8.837209302,8.837209302,8.837209302,0,0,0,53.02325581,0,17.6744186,8.837209302,88.37209302,17.6744186
6.CAN24,CAN,6,CAN24,24,Madison Chantler,F,11.39,26.33889377,0,0,0,5.267778753,21.07111501,21.07111501,10.53555751,10.53555751,0,0,57.94556629,0,10.53555751,0,36.87445127,73.74890255
5.SWE12,SWE,5,SWE12,12,Stina Andersson,F,7.36,24.45652174,0,0,0,8.152173913,16.30434783,16.30434783,8.152173913,8.152173913,0,0,57.06521739,0,16.30434783,8.152173913,130.4347826,8.152173913
9.FIN20,FIN,9,FIN20,20,Sofia Kari,F,5.37,22.34636872,0,0,0,22.34636872,0,33.51955307,0,22.34636872,11.17318436,0,55.86592179,0,0,11.17318436,178.7709497,22.34636872
11.SWE29,SWE,11,SWE29,29,Stella Lindell,F,11.02702703,21.76470588,0,0,0,5.441176471,16.32352941,16.32352941,0,5.441176471,10.88235294,0,43.52941176,0,5.441176471,0,54.41176471,38.08823529
4.FIN16,FIN,4,FIN16,16,Jenniina Kuoppala,F,11.39,21.07111501,0,0,0,10.53555751,10.53555751,0,0,0,0,0,21.07111501,0,0,5.267778753,100.0877963,15.80333626
1.FIN15,FIN,1,FIN15,15,Oona Havana,F,17.53947368,20.52513128,0,0,0,6.841710428,13.68342086,6.841710428,3.420855214,0,3.420855214,3.420855214,37.62940735,0,6.841710428,0,71.83795949,34.20855214
2.SWE6,SWE,2,SWE6,6,Tuva Kandell,D,11.84210526,20.26666667,0,0,0,5.066666667,15.2,10.13333333,0,5.066666667,5.066666667,0,40.53333333,0,10.13333333,20.26666667,60.8,40.53333333
11.SWE5,SWE,11,SWE5,5,Alice Wallin,D,3.243243243,18.5,0,0,0,0,18.5,18.5,0,0,18.5,0,55.5,0,18.5,37,37,55.5
10.SWE23,SWE,10,SWE23,23,Isabelle Leijonhielm,F,10.35,17.39130435,0,0,0,5.797101449,11.5942029,40.57971014,11.5942029,17.39130435,11.5942029,0,57.97101449,0,0,0,86.95652174,57.97101449
9.FIN14,FIN,9,FIN14,14,Kerttu Lehmus,F,3.59,16.71309192,0,0,0,0,16.71309192,0,0,0,0,0,16.71309192,0,0,0,133.7047354,33.42618384
6.USA18,USA,6,USA18,18,Claire Enright,F,7.34,16.34877384,0,0,0,16.34877384,0,40.8719346,24.52316076,16.34877384,0,16.34877384,81.74386921,0,8.174386921,0,65.39509537,81.74386921
3.SWE4,SWE,3,SWE4,4,Olivia Sohrner,D,3.673469388,16.33333333,0,0,0,0,16.33333333,0,0,0,0,0,16.33333333,0,0,32.66666667,130.6666667,0
2.USA2,USA,2,USA2,2,Molly Jordan,D,11.25,16,0,0,0,0,16,5.333333333,0,0,5.333333333,0,21.33333333,0,0,10.66666667,32,69.33333333
10.SWE10,SWE,10,SWE10,10,Nicole Hall,F,15.05,15.94684385,0,0,0,3.986710963,11.96013289,11.96013289,0,7.973421927,3.986710963,0,35.88039867,0,7.973421927,0,99.66777409,35.88039867
2.USA14,USA,2,USA14,14,Elyssa Biederman,F,7.697368421,15.58974359,0,0,0,0,15.58974359,7.794871795,7.794871795,0,0,7.794871795,31.17948718,0,0,7.794871795,15.58974359,85.74358974
5.FIN28,FIN,5,FIN28,28,Pauliina Salonen,F,16.1,14.9068323,0,0,0,11.18012422,3.726708075,22.36024845,11.18012422,3.726708075,7.453416149,3.726708075,44.72049689,0,3.726708075,7.453416149,40.99378882,81.98757764
3.SWE27,SWE,3,SWE27,27,Sofia Ljung,D,12.39795918,14.51851852,0,0,0,0,14.51851852,4.839506173,0,0,4.839506173,0,19.35802469,0,0,38.71604938,91.95061728,38.71604938
8.SWE28,SWE,8,SWE28,28,Moa Gustafsson,F,4.21,14.25178147,0,0,0,14.25178147,0,42.75534442,28.50356295,0,14.25178147,0,71.25890736,0,14.25178147,0,28.50356295,85.51068884
4.FIN26,FIN,4,FIN26,26,Peppi Virtanen,F,9.35,12.8342246,0,0,0,6.417112299,6.417112299,19.2513369,6.417112299,12.8342246,0,0,38.5026738,0,6.417112299,6.417112299,83.42245989,0
10.SWE24,SWE,10,SWE24,24,Ebba Hedqvist,F,14.2,12.67605634,0,0,0,0,12.67605634,12.67605634,12.67605634,0,0,0,25.35211268,0,0,8.450704225,143.6619718,12.67605634
3.SWE28,SWE,3,SWE28,28,Moa Gustafsson,F,9.642857143,12.44444444,0,0,0,0,12.44444444,24.88888889,6.222222222,6.222222222,12.44444444,0,49.77777778,0,12.44444444,6.222222222,99.55555556,31.11111111
4.USA16,USA,4,USA16,16,Grace Dwyer,D,19.43,12.35203294,0,0,0,3.088008235,9.264024704,6.176016469,0,6.176016469,0,3.088008235,33.96809058,0,12.35203294,37.05609882,12.35203294,67.93618116
1.CAN14,CAN,1,CAN14,14,Emmalee Pais,F,15.13157895,11.89565217,0,0,0,3.965217391,7.930434783,11.89565217,7.930434783,3.965217391,0,3.965217391,27.75652174,0,0,0,27.75652174,71.37391304
3.SWE11,SWE,3,SWE11,11,Julia Perjus,F,15.15306122,11.87878788,0,0,0,3.95959596,7.919191919,15.83838384,0,3.95959596,11.87878788,0,35.63636364,0,7.919191919,0,63.35353535,67.31313131
6.USA11,USA,6,USA11,11,Josie St. Martin,F,5.06,11.85770751,0,0,0,0,11.85770751,23.71541502,0,23.71541502,0,0,35.57312253,0,0,0,59.28853755,0
5.SWE14,SWE,5,SWE14,14,Ella Jamsen,F,5.22,11.49425287,0,0,0,11.49425287,0,11.49425287,11.49425287,0,0,0,22.98850575,0,0,0,114.9425287,22.98850575
6.CAN17,CAN,6,CAN17,17,Avahla Adam,F,10.48,11.45038168,0,0,0,0,11.45038168,11.45038168,11.45038168,0,0,0,28.6259542,0,5.72519084,11.45038168,74.42748092,62.97709924
2.SWE16,SWE,2,SWE16,16,Linnea Adelbertsson,F,11.25,10.66666667,0,0,0,0,10.66666667,10.66666667,0,10.66666667,0,0,21.33333333,0,0,0,85.33333333,16
2.USA18,USA,2,USA18,18,Claire Enright,F,11.25,10.66666667,0,0,0,10.66666667,0,16,5.333333333,5.333333333,5.333333333,10.66666667,48,0,10.66666667,0,42.66666667,58.66666667
1.CAN28,CAN,1,CAN28,28,Piper Grober,D,16.94736842,10.62111801,0,0,0,3.540372671,7.080745342,3.540372671,0,3.540372671,0,0,24.7826087,0,10.62111801,28.32298137,21.24223602,77.88819876
4.FIN5,FIN,4,FIN5,5,Nella Berg,D,17.31,10.39861352,0,0,0,3.466204506,6.932409012,6.932409012,0,3.466204506,3.466204506,0,20.79722704,0,3.466204506,38.12824957,69.32409012,27.72963605
10.USA3,USA,10,USA3,3,Jenessa Gazdik,D,12.04,9.966777409,0,0,0,4.983388704,4.983388704,9.966777409,4.983388704,0,4.983388704,0,34.88372093,0,14.95016611,29.90033223,39.86710963,119.6013289
1.CAN17,CAN,1,CAN17,17,Avahla Adam,F,6.052631579,9.913043478,0,0,0,9.913043478,0,49.56521739,39.65217391,0,9.913043478,0,59.47826087,0,0,0,49.56521739,49.56521739
11.SWE19,SWE,11,SWE19,19,Klara Kenttala,F,12.32432432,9.736842105,0,0,0,4.868421053,4.868421053,14.60526316,9.736842105,4.868421053,0,0,24.34210526,0,0,0,58.42105263,34.07894737
2.USA6,USA,2,USA6,6,Emma Peschel,D,12.43421053,9.650793651,0,0,0,4.825396825,4.825396825,19.3015873,0,9.650793651,9.650793651,4.825396825,62.73015873,0,28.95238095,14.47619048,43.42857143,57.9047619
8.SWE15,SWE,8,SWE15,15,Astrid Lindeberg,D,13.13,9.139375476,0,0,0,0,9.139375476,9.139375476,0,4.569687738,4.569687738,0,27.41812643,0,9.139375476,13.70906321,59.40594059,50.26656512
3.CAN24,CAN,3,CAN24,24,Madison Chantler,F,13.31632653,9.011494253,0,0,0,4.505747126,4.505747126,27.03448276,13.51724138,9.011494253,4.505747126,0,36.04597701,0,0,0,40.55172414,90.11494253
4.USA23,USA,4,USA23,23,Madison Kaiser,F,14.04,8.547008547,0,0,0,0,8.547008547,21.36752137,12.82051282,8.547008547,0,17.09401709,47.00854701,0,0,0,29.91452991,94.01709402
2.SWE11,SWE,2,SWE11,11,Julia Perjus,F,14.21052632,8.444444444,0,0,0,0,8.444444444,16.88888889,4.222222222,12.66666667,0,0,33.77777778,0,8.444444444,0,67.55555556,33.77777778
2.SWE23,SWE,2,SWE23,23,Isabelle Leijonhielm,F,14.21052632,8.444444444,0,0,0,0,8.444444444,25.33333333,12.66666667,8.444444444,4.222222222,0,38,0,4.222222222,0,54.88888889,46.44444444
11.SWE14,SWE,11,SWE14,14,Ella Jamsen,F,7.135135135,8.409090909,0,0,0,0,8.409090909,8.409090909,0,0,8.409090909,0,16.81818182,0,0,0,42.04545455,50.45454545
6.USA7,USA,6,USA7,7,Ava Lindsay,F,7.23,8.298755187,0,0,0,8.298755187,0,0,0,0,0,0,8.298755187,0,0,0,66.39004149,91.28630705
8.SWE11,SWE,8,SWE11,11,Julia Perjus,F,15.22,7.884362681,0,0,0,3.94218134,3.94218134,7.884362681,3.94218134,0,3.94218134,0,23.65308804,0,7.884362681,0,39.4218134,67.01708279
1.CAN26,CAN,1,CAN26,26,Karel Prefontaine,F,15.73684211,7.62541806,0,0,0,0,7.62541806,3.81270903,3.81270903,0,0,3.81270903,15.25083612,0,0,3.81270903,26.68896321,72.44147157
5.FIN27,FIN,5,FIN27,27,Maaria Vihervuori,F,8.1,7.407407407,0,0,0,7.407407407,0,22.22222222,0,14.81481481,7.407407407,0,37.03703704,0,7.407407407,0,14.81481481,22.22222222
4.FIN7,FIN,4,FIN7,7,Sinna Varjonen,D,16.29,7.366482505,0,0,0,0,7.366482505,0,0,0,0,0,11.04972376,0,3.683241252,25.78268877,84.7145488,25.78268877
3.CAN5,CAN,3,CAN5,5,Rhea Hicks,F,9.642857143,6.222222222,0,0,0,0,6.222222222,24.88888889,0,12.44444444,12.44444444,0,37.33333333,0,6.222222222,0,18.66666667,112
9.CAN10,CAN,9,CAN10,10,Jade Iginla,F,10.44,5.747126437,0,0,0,0,5.747126437,28.73563218,22.98850575,0,5.747126437,0,34.48275862,0,0,0,28.73563218,74.71264368
6.CAN19,CAN,6,CAN19,19,Reichen Kirchmair,F,10.47,5.730659026,0,0,0,5.730659026,0,17.19197708,17.19197708,0,0,0,28.65329513,0,5.730659026,0,40.11461318,63.03724928
9.CAN16,CAN,9,CAN16,16,Alex Law,F,11.11,5.400540054,0,0,0,5.400540054,0,37.80378038,16.20162016,10.80108011,10.80108011,5.400540054,54.00540054,0,5.400540054,5.400540054,16.20162016,97.20972097
3.SWE29,SWE,3,SWE29,29,Stella Lindell,F,11.47959184,5.226666667,0,0,0,0,5.226666667,20.90666667,5.226666667,5.226666667,10.45333333,0,36.58666667,0,10.45333333,0,67.94666667,62.72
7.CAN14,CAN,7,CAN14,14,Emmalee Pais,F,12.22,4.909983633,0,0,0,0,4.909983633,44.1898527,34.36988543,0,9.819967267,4.909983633,54.00981997,0,0,0,14.7299509,147.299509
7.CAN27,CAN,7,CAN27,27,Holly Abela,F,12.32,4.87012987,0,0,0,0,4.87012987,19.48051948,19.48051948,0,0,4.87012987,29.22077922,0,0,0,14.61038961,121.7532468
2.USA22,USA,2,USA22,22,Tessa Janecke,F,12.43421053,4.825396825,0,0,0,0,4.825396825,14.47619048,4.825396825,0,9.650793651,4.825396825,28.95238095,0,4.825396825,0,24.12698413,77.20634921
5.SWE19,SWE,5,SWE19,19,Klara Kenttala,F,13.06,4.594180704,0,0,0,4.594180704,0,18.37672282,0,9.188361409,9.188361409,0,27.56508423,0,4.594180704,9.188361409,87.28943338,22.97090352
4.USA24,USA,4,USA24,24,Margaret Scannell,F,13.51,4.4411547,0,0,0,4.4411547,0,8.8823094,4.4411547,0,4.4411547,0,22.2057735,0,8.8823094,0,31.0880829,102.1465581
12.USA22,USA,12,USA22,22,Tessa Janecke,F,14.02439024,4.27826087,0,0,0,0,4.27826087,38.50434783,21.39130435,12.83478261,4.27826087,4.27826087,55.6173913,0,8.556521739,0,29.94782609,77.00869565
7.CAN15,CAN,7,CAN15,15,Ava Murphy,D,15.04,3.989361702,0,0,0,3.989361702,0,11.96808511,7.978723404,0,3.989361702,0,43.88297872,0,27.92553191,19.94680851,19.94680851,155.5851064
9.CAN22,CAN,9,CAN22,22,Jocelyn Amos,F,15.57,3.853564547,0,0,0,0,3.853564547,23.12138728,15.41425819,7.707129094,0,3.853564547,34.68208092,0,3.853564547,0,38.53564547,92.48554913
8.SWE5,SWE,8,SWE5,5,Alice Wallin,D,0.32,0,0,0,0,0,0,0,0,0,0,0,0,0,0,0,0,375
3.SWE16,SWE,3,SWE16,16,Linnea Adelbertsson,F,8.265306122,0,0,0,0,0,0,14.51851852,0,14.51851852,0,0,21.77777778,0,7.259259259,7.259259259,123.4074074,7.259259259
1.FIN9,FIN,1,FIN9,9,Raili Mustonen,D,1.131578947,0,0,0,0,0,0,0,0,0,0,0,0,0,0,0,106.0465116,0
5.FIN19,FIN,5,FIN19,19,Heidi Kokora,F,1.14,0,0,0,0,0,0,0,0,0,0,52.63157895,0,0,0,0,105.2631579,0
1.FIN16,FIN,1,FIN16,16,Jenniina Kuoppala,F,6.223684211,0,0,0,0,0,0,38.56236786,9.640591966,9.640591966,19.28118393,0,48.20295983,0,9.640591966,0,86.7653277,19.28118393
12.CAN28,CAN,12,CAN28,28,Piper Grober,D,4.487804878,0,0,0,0,0,0,0,0,0,0,0,26.73913043,0,26.73913043,13.36956522,80.2173913,26.73913043
11.FIN19,FIN,11,FIN19,19,Heidi Kokora,F,5.189189189,0,0,0,0,0,0,0,0,0,0,11.5625,11.5625,0,0,0,69.375,23.125
3.CAN16,CAN,3,CAN16,16,Alex Law,F,12.85714286,0,0,0,0,0,0,9.333333333,4.666666667,4.666666667,0,0,18.66666667,0,9.333333333,0,65.33333333,65.33333333
12.CAN17,CAN,12,CAN17,17,Avahla Adam,F,11.2195122,0,0,0,0,0,0,21.39130435,16.04347826,0,5.347826087,5.347826087,37.43478261,0,10.69565217,0,64.17391304,42.7826087
5.FIN9,FIN,5,FIN9,9,Raili Mustonen,D,0.96,0,0,0,0,0,0,125,0,62.5,62.5,0,125,0,0,0,62.5,0
9.FIN9,FIN,9,FIN9,9,Raili Mustonen,D,0.96,0,0,0,0,0,0,0,0,0,0,0,0,0,0,0,62.5,0
10.SWE5,SWE,10,SWE5,5,Alice Wallin,D,1.11,0,0,0,0,0,0,54.05405405,54.05405405,0,0,0,54.05405405,0,0,0,54.05405405,216.2162162
6.USA23,USA,6,USA23,23,Madison Kaiser,F,10,0,0,0,0,0,0,30,18,6,6,6,36,0,0,0,48,54
11.FIN21,FIN,11,FIN21,21,Neea Pelkonen,F,1.297297297,0,0,0,0,0,0,0,0,0,0,0,0,0,0,0,46.25,46.25
8.SWE12,SWE,8,SWE12,12,Stina Andersson,F,5.26,0,0,0,0,0,0,34.22053232,11.40684411,11.40684411,11.40684411,11.40684411,57.03422053,0,11.40684411,11.40684411,45.62737643,68.44106464
2.USA23,USA,2,USA23,23,Madison Kaiser,F,11.84210526,0,0,0,0,0,0,5.066666667,0,5.066666667,0,10.13333333,20.26666667,0,5.066666667,0,40.53333333,60.8
6.USA22,USA,6,USA22,22,Tessa Janecke,F,9.35,0,0,0,0,0,0,38.5026738,25.6684492,12.8342246,0,0,44.9197861,0,6.417112299,0,38.5026738,51.3368984
8.SWE14,SWE,8,SWE14,14,Ella Jamsen,F,3.28,0,0,0,0,0,0,18.29268293,0,18.29268293,0,0,18.29268293,0,0,18.29268293,36.58536585,91.46341463
11.SWE10,SWE,11,SWE10,10,Nicole Hall,F,17.51351351,0,0,0,0,0,0,13.7037037,10.27777778,3.425925926,0,0,17.12962963,0,3.425925926,0,30.83333333,61.66666667
10.USA13,USA,10,USA13,13,Danielle Burgen,F,8.22,0,0,0,0,0,0,7.299270073,0,7.299270073,0,7.299270073,21.89781022,0,7.299270073,0,29.19708029,124.0875912
7.CAN10,CAN,7,CAN10,10,Jade Iginla,F,11.08,0,0,0,0,0,0,16.24548736,0,10.83032491,5.415162455,10.83032491,32.49097473,0,5.415162455,0,27.07581227,102.8880866
6.CAN28,CAN,6,CAN28,28,Piper Grober,D,9.27,0,0,0,0,0,0,12.94498382,6.472491909,0,6.472491909,0,32.36245955,0,19.41747573,0,25.88996764,77.66990291
1.CAN24,CAN,1,CAN24,24,Madison Chantler,F,16.94736842,0,0,0,0,0,0,31.86335404,21.24223602,7.080745342,3.540372671,3.540372671,42.48447205,0,7.080745342,0,21.24223602,77.88819876
4.USA14,USA,4,USA14,14,Elyssa Biederman,F,11.26,0,0,0,0,0,0,10.65719361,5.328596803,5.328596803,0,5.328596803,21.31438721,0,5.328596803,5.328596803,15.98579041,74.60035524
10.USA23,USA,10,USA23,23,Madison Kaiser,F,11.43,0,0,0,0,0,0,10.49868766,5.249343832,5.249343832,0,10.49868766,31.49606299,0,10.49868766,0,10.49868766,110.2362205
7.CAN22,CAN,7,CAN22,22,Jocelyn Amos,F,12.18,0,0,0,0,0,0,24.63054187,24.63054187,0,0,0,29.55665025,0,4.926108374,0,9.852216749,172.4137931
7.CAN16,CAN,7,CAN16,16,Alex Law,F,13.39,0,0,0,0,0,0,22.40477969,8.961911875,8.961911875,4.480955937,4.480955937,26.88573562,0,0,0,8.961911875,120.9858103
9.CAN5,CAN,9,CAN5,5,Rhea Hicks,F,7.3,0,0,0,0,0,0,8.219178082,0,8.219178082,0,16.43835616,24.65753425,0,0,0,8.219178082,98.63013699
4.USA4,USA,4,USA4,4,Ava Svejkovsky,D,12.25,0,0,0,0,0,0,0,0,0,0,0,4.897959184,0,4.897959184,4.897959184,4.897959184,93.06122449
11.SWE4,SWE,11,SWE4,4,Olivia Sohrner,D,0,0,0,0,0,0,0,0,0,0,0,0,0,0,0,0,0,0
8.SWE4,SWE,8,SWE4,4,Olivia Sohrner,D,0.14,0,0,0,0,0,0,0,0,0,0,0,0,0,0,0,0,0
